hotel_name,rating,review_count,hotel_rank,amenities,languages,hotel_class,price,best_price_source,restraunts_nearby,attractions_nearby,good_for_walkers_out_of_100,top_cuisines,lat_long_link,best_features_as_per_reviews,restaurants,city,lat,lon
Cachet Boutique NYC,3.5,392 reviews,#381 of 531 hotels in New York City,"['Free High Speed Internet (WiFi)', 'Fitness Centre with Gym / Workout Room', 'Coffee shop', 'Bicycle rental', 'Game room', 'Business Centre with Internet Access', 'Conference facilities', 'Baggage storage', 'Wifi', 'Patio', 'Nightclub / DJ', 'Meeting rooms', 'Non-smoking hotel', 'Outdoor furniture', 'Picnic area', 'Sun terrace', '24-hour front desk', 'Dry cleaning', 'Laundry service', 'Allergy-free room', 'Air conditioning', 'Housekeeping', 'Safe', 'VIP room facilities', 'Iron', 'Private bathrooms', 'Flatscreen TV', 'Bridal suite', 'Non-smoking rooms', 'Suites']","English, French, Spanish, Chinese","['Trendy', 'Modern']",11961,Agoda.com,235,53,100,"['Italian', 'Asian', 'American', 'Mediterranean']","510 W 42nd St, New York City, NY 10036-6204","['Location', 'Cleanliness', 'Service', 'Value']","[{'name': 'KOBA Korean Bbq', 'cusines': ['', 'Korean', 'Asian'], 'reviews': '0 reviews'}, {'name': 'The Lindeman', 'cusines': [', ', ' '], 'reviews': '\n'}, {'name': 'Treadwell Park West', 'cusines': [', ', ', Brew Pub, Bar, Pub ', ' '], 'reviews': '\n'}, {'name': 'EDEN Local', 'cusines': [' '], 'reviews': '\n'}, {'name': 'The Restaurant at Playboy Club New York', 'cusines': [', ', ' '], 'reviews': '\n'}, {'name': 'West Side Steakhouse', 'cusines': [', ', ' '], 'reviews': '\n'}, {'name': 'Piccola Cucina Osteria', 'cusines': ['', 'Neapolitan', 'Sicilian', 'Southern-Italian', 'Campania', 'Italian', 'Mediterranean'], 'reviews': '2,578 reviews'}, {'name': 'Pio Pio 8', 'cusines': [', ', ' '], 'reviews': '\n'}, {'name': 'Sunac Natural Food', 'cusines': [', ', ' '], 'reviews': '\n'}, {'name': 'Mr Biggs Bar & Grill', 'cusines': [', Bar, Pub ', ' '], 'reviews': '\n'}, {'name': 'The Terrace', 'cusines': [' '], 'reviews': '\n'}, {'name': 'FOUR @ YOTEL New York', 'cusines': [', Bar ', ' '], 'reviews': '\n'}, {'name': ""IZAKAYA E.A.K. Hell's Kitchen"", 'cusines': ['', 'Japanese', 'Asian'], 'reviews': '13 reviews'}, {'name': 'Claudio Pizzeria', 'cusines': [', ', ' '], 'reviews': '\n'}, {'name': '44 & X', 'cusines': [' '], 'reviews': '\n'}, {'name': 'Green Fig', 'cusines': [' Bar, Dining bars '], 'reviews': '\n'}, {'name': 'Romeo And Juliet Colombian Coffee', 'cusines': [', ', ', Colombian, ', ' '], 'reviews': '\n'}, {'name': 'Treehaus', 'cusines': [', ', ' '], 'reviews': '\n'}, {'name': 'Quality Meats', 'cusines': ['', 'American', 'Steakhouse'], 'reviews': '2,378 reviews'}, {'name': 'Subway', 'cusines': [' '], 'reviews': '\n'}, {'name': 'Meme Mediterranean', 'cusines': [', ', ' '], 'reviews': '\n'}, {'name': 'Kava', 'cusines': [' '], 'reviews': '\n'}, {'name': 'Signature Cafe and Bar', 'cusines': [' '], 'reviews': '\n'}, {'name': 'Social Drink and Food', 'cusines': [', ', ' '], 'reviews': '\n'}, {'name': 'LandShark Bar & Grill - Times Square', 'cusines': ['', 'Seafood', 'Pub', 'Bar', 'American'], 'reviews': '4 reviews'}, {'name': 'Kraft', 'cusines': [' '], 'reviews': '\n'}, {'name': 'The Marshal', 'cusines': [', Gastropub ', ', ', ' '], 'reviews': '\n'}, {'name': 'Simply Natural NYC', 'cusines': [], 'reviews': '\n'}, {'name': '7-Eleven', 'cusines': [], 'reviews': '\n'}, {'name': 'Subway', 'cusines': [], 'reviews': '\n'}, {'name': ""5 o'Clock Somewhere Bar"", 'cusines': ['', 'Pub', 'Bar', 'American', 'Dining bars'], 'reviews': '4 reviews'}, {'name': 'The Food Emporium', 'cusines': [], 'reviews': '\n'}, {'name': 'Theatre Row Diner', 'cusines': [', Diner ', ' '], 'reviews': '\n'}, {'name': ""Dunkin'"", 'cusines': [' '], 'reviews': '\n'}, {'name': 'Little Pie Company', 'cusines': [' '], 'reviews': '\n'}, {'name': 'West Bank Cafe', 'cusines': [', Bar ', ' '], 'reviews': '\n'}, {'name': 'Margaritaville Restaurant- Times Square', 'cusines': ['', 'Bar', 'American', 'Pub'], 'reviews': '12 reviews'}]",New York,40.7598451,-73.9963948
Hotel Riu Plaza Manhattan Times Square,1.0,1 review,#488 of 531 hotels in New York City,"['Paid private parking on-site', 'Free High Speed Internet (WiFi)', 'Fitness Centre with Gym / Workout Room', 'Restaurant', 'Car hire', 'Business Centre with Internet Access', '24-hour security', 'Concierge', 'Parking', 'Public wifi', 'Breakfast available', 'Breakfast buffet', 'Non-smoking hotel', '24-hour front desk', 'Air conditioning', 'Housekeeping', 'Safe', 'Sofa', 'Wardrobe / wardrobe', 'Clothes rack', 'Cable / satellite TV', 'Bath / shower', 'Iron', 'Private bathrooms', 'Non-smoking rooms', 'Suites', 'Family rooms']","English, Spanish",[],,,571,261,100,"['Cafe', 'French', 'American', 'French']","145 W 47th St, New York City, NY 10036-1503",[],,New York,40.7589086,-73.9835967
31 Street Broadway Hotel,,,,[],,[],14899,Booking.com,573,131,100,"['American', 'Japanese', 'American', 'Asian']","1234 Broadway, New York City, NY 10001-4379",[],,New York,40.7471525,-73.98780374386367
Upper East Suites,,,,[],,[],11756,Booking.com,318,39,100,"['Japanese', 'Thai', 'Italian', 'Seafood']","Intersection East 94 Street and 2nd Avenue, New York City, NY 10128",[],,New York,,
GWB Hotel,1.0,4 reviews,#498 of 531 hotels in New York City,[],,[],8212,FindHotel,97,0,67,"['Italian', 'Italian', 'Italian', 'Italian']","1996 Webster Ave, New York City, NY 10457-4211",[],,New York,40.84978875,-73.8996065
Manhattan Guest Suites,5.0,1 review,#70 of 290 Speciality lodging in New York City,[],,[],,,611,137,100,"['American', 'Japanese', 'French', 'American']","Fifth Avenue at West 121st Street, New York City, NY 10027",[],,New York,,
116 John Street Apartments,3.5,3 reviews,#76 of 290 Speciality lodging in New York City,[],,[],,,365,55,100,"['Italian', 'Japanese', 'American', 'American']","116 John St, New York City, NY 10038-3305","['Cleanliness', 'Service', 'Value']",,New York,40.7074899,-74.00589586552672
NYC Manhattan Bedroom,1.0,1 review,#62 of 96 B&Bs / Inns in New York City,[],,[],,,51,11,90,"['French', 'American', 'American', 'American']","25 Saint Nicholas Ter, New York City, NY 10027-2832",[],,New York,40.8131759,-73.9517494
WaterView Apartment - New York,4.0,2 reviews,#81 of 290 Speciality lodging in New York City,[],,[],,,221,18,100,"['American', 'Japanese', 'American', 'American']","322 E 39th St, New York City, NY 10016-2211","['Location', 'Cleanliness', 'Service']",,New York,40.7472764,-73.97266603956828
Inter-Continental Central Park South New York,4.0,7 reviews,#441 of 531 hotels in New York City,[],,[],,,289,74,100,"['Mediterranean', 'French', 'Healthy', 'Italian']","112 Central Park S, New York City, NY 10019-1503","['Location', 'Cleanliness', 'Service', 'Value']",,New York,40.76579536734694,-73.9767422244898
Times Square World,4.0,1 review,#101 of 290 Speciality lodging in New York City,[],,[],,,622,204,100,"['Cafe', 'American', 'Asian', 'American']","324 W 49th St, New York City, NY 10019-7312","['Location', 'Cleanliness', 'Service', 'Value']",,New York,40.7620677,-73.98807163343712
Courtyard,4.0,6 reviews,#438 of 531 hotels in New York City,[],,[],,,561,129,100,"['Mediterranean', 'American', 'Asian', 'French']","1717 Broadway, New York City, NY 10019-5214","['Location', 'Cleanliness', 'Service', 'Value']",,New York,40.764399499999996,-73.9827379712101
Signature Suites 455 Inn,4.0,1 review,#99 of 290 Speciality lodging in New York City,[],,[],,,166,33,100,"['Italian', 'Italian', 'Italian', 'Italian']","455 W 34th St, New York City, NY 10001-1541","['Location', 'Cleanliness', 'Service', 'Value']",,New York,40.754537049999996,-73.99837245758866
Guest House Off Park,Have you been to ,Guest House Off Park,?,[],,[],,,529,74,100,"['Indian', 'American', 'Japanese', 'Asian']","40 E 35th St, New York City, NY 10016-3806",[],,New York,40.747823249999996,-73.98153533116239
Sunny Private Bedroom In Uptown Manhattan,,,,[],,[],,,49,1,86,"['American', 'Mexican', 'Indian', 'French']","4443 Broadway, New York City, NY 10040-2603",[],,New York,40.8570557826087,-73.93257026086957
East Bridge,4.0,1 review,#460 of 531 hotels in New York City,"['Wifi', 'Fitness Centre with Gym / Workout Room', 'Air conditioning', 'Kitchenette']",,[],,,581,176,100,"['Irish', 'French', 'Italian', 'American']","367 33rd St, New York City, NY 10003","['Location', 'Cleanliness', 'Service', 'Value']",,New York,40.7408139,-73.9324515
Midtown East Furnished Apartment,,,,[],,[],,,,,,[],,[],,New York,44.933143,7.540121
Fairfield Inn New York Long Island City/Manhattan View,Have you been to ,Fairfield Inn New York Long Island City/Manhattan View,?,[],,[],,,35,4,53,"['Irish', 'American', 'Diner', 'Latin']","5234 Van Dam St, New York City, NY 11101-3221",[],,New York,40.7448972,-73.9335745
AnYi Guesthouse JFK,Have you been to ,AnYi Guesthouse JFK,?,[],,[],,,,,,"['Pizza', 'Caribbean', 'French', 'American']","169 Beach 62nd St, New York City, NY 11692-1884",[],,New York,40.590871,-73.791377
Hudson Yards HK1,2.0,1 review,#133 of 290 Speciality lodging in New York City,[],,[],,,293,62,100,"['American', 'Italian', 'American', 'Cafe']","408B W 36th St, New York City, NY 10018-6302",[],,New York,40.754766000000004,-73.9957844
Gorgeous Bedroom View Times Square NY,,,,[],,[],,,441,109,100,"['Italian', 'Asian', 'American', 'American']","420 W 42nd St, New York City, NY 10036-6848",[],,New York,40.758588,-73.99390553057539
Sobeny Blakely Hotel,1.0,1 review,#487 of 531 hotels in New York City,[],,[],,,505,128,100,"['Mediterranean', 'French', 'Contemporary', 'Healthy']","136 W 55th St, New York City, NY 10019-5305","['Service', 'Value']",,New York,40.76344215,-73.97979394726579
Bei NY-Queens,,,,[],,[],,,129,3,66,"['American', 'Middle Eastern', 'Italian', 'Mediterranean']","6444 Austin St, New York City, NY 11374-4052",[],,New York,40.726850738380705,-73.86125930305688
Loft 109 NY,1.5,2 reviews,#158 of 290 Speciality lodging in New York City,[],,[],,,132,11,98,"['American', 'Cafe', 'Latin', 'American']","247 W 109th St, New York City, NY 10025-2372",[],,New York,40.80339495,-73.96619841264216
Downtown Athletic Center,4.5,4 reviews,#440 of 531 hotels in New York City,[],,[],,,125,37,100,"['American', 'Italian', 'Italian', 'Italian']","19 West Street, New York City, NY 10001","['Location', 'Cleanliness', 'Service', 'Value']",,New York,40.6338928,-74.11820194628577
Upper East Side Apartments,,,,[],,[],,,80,29,100,"['Seafood', 'American', 'German', 'American']","21 E 109th St, New York City, NY 10029-3414",[],,New York,40.79611553061224,-73.94923142857142
212 East 26th Street,,,,[],,[],,,350,38,100,"['Indian', 'American', 'Italian', 'American']","212 E 26th St, New York City, NY 10010-2416",[],,New York,40.740278950000004,-73.98105805
UN Apartments,,,,[],,[],,,441,46,100,"['Indian', 'Vietnamese', 'American', 'American']","250 E 50th St, New York City, NY 10022-7712",[],,New York,40.7549116,-73.9689872
NY Away - Luxury Apartments in the Financial District,,,,[],,[],,,298,72,100,"['American', 'Irish', 'American', 'American']","10 Hanover Square, Wall Street, New York City, NY 10005-3510",[],,New York,,
Global Luxury Suites at Symphony House,3.0,3 reviews,#113 of 290 Speciality lodging in New York City,[],,[],,,432,105,100,"['Mediterranean', 'American', 'French', 'Italian']","235 W 56th St, New York City, NY 10019-4307","['Location', 'Cleanliness', 'Service']",,New York,40.7658332,-73.9825997
Downtown Grand Apartments,,,,[],,[],,,491,78,100,"['Spanish', 'American', 'American', 'American']","73B Eldridge St, New York City, NY 10002-5291",[],,New York,40.71684652941176,-73.99275011764706
Beautiful Private Room in East Village,,,,[],,[],,,,,,[],,[],,New York,44.933143,7.540121
Himalaya Herb,,,,[],,[],,,84,6,70,"['American', 'Italian', 'Fast food', 'Seafood']","4308 25th Ave Ground Floor, New York City, NY 11103-2544",[],,New York,,
Nomad Design House,,,,[],,[],,,,,,[],,[],,New York,44.933143,7.540121
"Carlton Hotel, Autograph Collection",,,,[],,[],,,612,105,100,"['Indian', 'American', 'Asian', 'Cafe']","88 Madison Ave, New York City, NY 10016-7412",[],,New York,40.74433511111111,-73.98558088888889
Midtown Guesthouse,,,,[],,[],,,,,,[],,[],,New York,44.933143,7.540121
36th Street Apartment,Have you been to ,36th Street Apartment,?,[],,[],,,621,132,100,"['American', 'American', 'Japanese', 'American']","58 West 36 street, New York City, NY 10018-8008",[],,New York,,
NYC Home Suites,,,,[],,[],,,61,6,91,"['Spanish', 'Latin', 'International', 'African']","646 W 207th St, New York City, NY 10034-2649",[],,New York,40.868664949999996,-73.9222297454564
The Inn at 60 Pine,Have you been to ,The Inn at 60 Pine,?,[],,[],,,465,72,100,"['Italian', 'Japanese', 'American', 'Irish']","60 Pine St, New York City, NY 10005-1501",[],,New York,40.7066038,-74.0083008
Harlem Chateau,,,,[],,[],,,83,19,95,"['Pizza', 'American', 'American', 'American']","3 West 120 Apt 1, New York City, NY 10027-6365",[],,New York,,
Quick Walk To Central Park,,,,[],,[],,,,,,[],,[],,New York,44.933143,7.540121
Home NYC,Have you been to ,Home NYC,?,[],,[],,,81,19,97,"['Pizza', 'American', 'American', 'Italian']","105 W 118th St, New York City, NY 10026-1842",[],,New York,40.80376615,-73.9492803306838
Corporate Suites On Upper East Side,,,,[],,[],,,,,,[],,[],,New York,44.933143,7.540121
Comfort Inn Manhattan Bridge,Have you been to ,Comfort Inn Manhattan Bridge,?,[],,[],,,575,87,100,"['Japanese', 'Spanish', 'American', 'American']","61 Chrystie St # 63, New York City, NY 10002-5001",[],,New York,,
House Zaza,,,,[],,[],,,,,,[],,[],,New York,44.933143,7.540121
Hotel SoJo,,,,[],,[],,,,,,[],,[],,New York,44.933143,7.540121
Empire 120,Have you been to ,Empire 120,?,[],,[],,,97,4,92,"['Italian', 'Italian', 'Mexican', 'Caribbean']","2201 3rd Ave, New York City, NY 10035-3529",[],,New York,40.800362,-73.938128
Chez Oseye Bed & Breakfast,,,,[],,[],,,67,9,88,"['American', 'American', 'American', 'American']","12 W 130th St, New York City, NY 10037-3651",[],,New York,40.8109081,-73.9430908
Fairfield Inn & Suites,3.0,5 reviews,#471 of 531 hotels in New York City,[],,[],,,272,63,100,"['Japanese', 'American', 'American', 'American']","100 Greenwich St, New York City, NY 10006-1801","['Cleanliness', 'Service', 'Value']",,New York,40.70829745,-74.01372861138444
AAE New York Hostel Inn Queen,3.0,3 reviews,#112 of 290 Speciality lodging in New York City,[],,[],,,111,2,71,"['Seafood', 'American', 'Fast food', 'Spanish']","13909 89th Ave, New York City, NY 11435-3225","['Location', 'Cleanliness', 'Service', 'Value']",,New York,40.703319,-73.8106479
On the Hudson House,2.0,1 review,#56 of 96 B&Bs / Inns in New York City,[],,[],,,50,3,78,"['Cafe', 'Cafe', 'Diner', 'Mexican']","838 Riverside Dr, New York City, NY 10032-5410",[],,New York,40.8361983,-73.94591173456021
Times Square West Midtown Apartment,3.0,1 review,#111 of 290 Speciality lodging in New York City,[],,[],,,361,99,100,"['American', 'Italian', 'American', 'Mediterranean']","9th Avenue and 38th Street Hell's Kitchen, New York City, NY 10018","['Cleanliness', 'Service', 'Value']",,New York,,
"A Hospitality Company, Inc.",3.0,5 reviews,#461 of 531 hotels in New York City,[],,[],,,561,114,100,"['American', 'American', 'Italian', 'Italian']","247 W 35th St Fl 4, New York City, NY 10001-1908","['Cleanliness', 'Service', 'Value']",,New York,,
Upper East Side Apartments,1.5,3 reviews,#159 of 290 Speciality lodging in New York City,[],,[],,,316,32,100,"['Japanese', 'Thai', 'Seafood', 'American']","1593 2nd Ave, New York City, NY 10028-4130","['Location', 'Cleanliness', 'Service', 'Value']",,New York,40.7757821,-73.9535026
Chelsea Art Suites,1.0,2 reviews,#163 of 290 Speciality lodging in New York City,"['Free High Speed Internet (WiFi)', 'Bar / lounge', 'Snack bar', 'Evening entertainment', 'Airport transportation', 'Concierge', 'Non-smoking hotel', 'Private check-in / check-out', 'Air conditioning', 'Family rooms']","English, French, Spanish, Catalan",[],,,378,74,100,"['Italian', 'American', 'American', 'Fast food']","239 W 14th St, New York City, NY 10011-7149",[],,New York,40.739453350000005,-74.00116804216677
Interfaith East Village,,,,[],,[],,,635,199,100,"['Steakhouse', 'Asian', 'Seafood']","73 E 3rd St, New York City, NY 10003-9009",[],,New York,40.7252043,-73.98844218976672
Lita's New York Apartments,,,,[],,[],,,98,4,86,"['American', 'Cafe', 'Cafe', 'Italian']","417 W 145th St, New York City, NY 10031-5241",[],,New York,40.82462235,-73.9455558852523
Mildred at the Park,1.0,2 reviews,#165 of 290 Speciality lodging in New York City,"['Free High Speed Internet (WiFi)', 'Non-smoking hotel', 'Air conditioning']","English, French",[],,,63,16,95,"['Pizza', 'American', 'American', 'American']","69 W 119th St, New York City, NY 10026-1402","['Location', 'Cleanliness', 'Service', 'Value']",,New York,40.80362365,-73.94699885175727
The Pearl,,,,[],,[],,,155,15,96,"['American', 'Mediterranean', 'Mexican', 'Italian']","400 E 66th St, New York City, NY 10065-9314",[],,New York,40.7637694,-73.9585239
Private Room in Time Square,1.0,1 review,#147 of 290 Speciality lodging in New York City,[],,[],,,582,217,100,"['Cafe', 'Mexican', 'Italian', 'Asian']","328 W 44th St Apt 42, New York City, NY 10036-5422","['Service', 'Value']",,New York,,
Oakwood Bridge Tower Place,Have you been to ,Oakwood Bridge Tower Place,?,"['Laundry service', 'Air conditioning', 'Seating area', 'Sofa', 'Telephone', 'Kitchenette', 'Dishwasher', 'Bath / shower', 'Hair dryer', 'Iron', 'Wake-up service / alarm clock', 'Microwave', 'Refrigerator', 'Kitchenware']",,[],,,162,25,100,"['American', 'Italian', 'American', 'Mediterranean']","401 E 60th St, New York City, NY 10022-1555",[],,New York,40.7601958,-73.961368
The East Village Home,,,,[],,[],,,135,32,90,"['Mediterranean', 'French', 'American', 'Bar']","647 E 11th St, New York City, NY 10009-4144",[],,New York,40.7266581,-73.9772142
Studio Plus,1.0,1 review,#144 of 290 Speciality lodging in New York City,[],,[],17107,Agoda.com,591,129,100,"['American', 'Japanese', 'Asian', 'Cafe']","38 W 31st St, New York City, NY 10001-4498",[],,New York,40.74708835,-73.98782938541981
Olympia House,Have you been to ,Olympia House,?,[],,[],,,348,45,100,"['American', 'American', 'American', 'American']","279 E 44th St, New York City, NY 10017-4336",[],,New York,40.7513362,-73.9715099
Pied-A-Terre on Washington Heights,2.0,2 reviews,#58 of 96 B&Bs / Inns in New York City,[],,[],,,170,6,80,"['Caribbean', 'Italian', 'Irish', 'Spanish']","560 W 173rd St, New York City, NY 10032-1753","['Location', 'Cleanliness', 'Service', 'Value']",,New York,40.84355995,-73.93666671256638
Harlem Guest House,,,,[],,[],,,73,7,92,"['American', 'American', 'American', 'American']","9 E 128th St Apt 1, New York City, NY 10035-1276",[],,New York,,
Village Guest House,3.5,4 reviews,#48 of 96 B&Bs / Inns in New York City,"['Free High Speed Internet (WiFi)', 'Wifi']",,[],,,573,135,100,"['French', 'Italian', 'Italian', 'Italian']","17 Barrow St, New York City, NY 10014-3823","['Location', 'Cleanliness', 'Service', 'Value']",,New York,40.73254485,-74.00262713321918
Signature Properties,2.0,3 reviews,#473 of 531 hotels in New York City,[],,[],,,484,139,100,"['Italian', 'Cafe', 'Italian', 'Italian']","Suite#1AW 160 Bleecker Street, New York City, NY 10012","['Location', 'Cleanliness', 'Service', 'Value']",,New York,,
Midtown East Dormitory for Woman,,,,[],,[],,,451,48,100,"['Indian', 'American', 'Italian', 'Asian']","39ST Lexington Ave, New York City, NY 10010-5585",[],,New York,,
Javind Suites,2.5,2 reviews,#117 of 290 Speciality lodging in New York City,[],,[],,,409,37,100,"['American', 'Indian', 'Vietnamese', 'Cafe']","East 52nd and 2nd avenues, New York City, NY 10022","['Location', 'Service', 'Value']",,New York,,
Sha107 Inn,,,,[],,[],,,84,15,99,"['Pizza', 'American', 'American', 'American']","107 W 126th St, New York City, NY 10027-4462",[],,New York,40.80887785,-73.94544700981004
Econolodge,3.5,6 reviews,#439 of 531 hotels in New York City,[],,[],,,633,240,100,"['Cafe', 'Mexican', 'American', 'Asian']","302 W 47th St Hell's Kitchen, New York City, NY 10036-3101","['Cleanliness', 'Service']",,New York,40.760476800000006,-73.9880959639049
The Dorset,2.0,2 reviews,#474 of 531 hotels in New York City,[],,[],,,445,135,100,"['Mediterranean', 'French', 'Contemporary', 'Healthy']","30 W 54th St, New York City, NY 10019-5405","['Cleanliness', 'Service', 'Value']",,New York,40.7618038,-73.9775202
West 57 Apt Corporation,2.5,4 reviews,#120 of 290 Speciality lodging in New York City,[],,[],,,143,55,100,"['French', 'Greek', 'Steakhouse']","591 Park Ave, New York City, NY 10065-7309","['Location', 'Cleanliness', 'Service', 'Value']",,New York,40.76560145,-73.96737811620022
House of the Redeemer,3.5,3 reviews,#78 of 290 Speciality lodging in New York City,[],,[],,,65,15,100,"['American', 'French', 'Italian', 'Cafe']","7 E 95th St, New York City, NY 10128-0796","['Location', 'Cleanliness', 'Service', 'Value']",,New York,40.7870216,-73.95525531864587
Francesco Times Square Apartment,,,,[],,[],,,293,62,100,"['American', 'Italian', 'American', 'Cafe']","408 W 36th St, New York City, NY 10018-6304",[],,New York,40.75474534999999,-73.99608165142116
National at the Metropolis,Have you been to ,National at the Metropolis,?,"['Fitness Centre with Gym / Workout Room', 'Restaurant', 'Spa', 'Concierge', 'Non-smoking hotel', 'Dry cleaning', 'Laundry service', 'Room service', 'Kitchenette', 'Non-smoking rooms', 'Suites', 'Family rooms']",,[],,,457,62,100,"['Indian', 'American', 'Japanese', 'American']","150 E 44th St, New York City, NY 10017-4068",[],,New York,40.752096949999995,-73.97425099496391
A Cozy Mountain Rest Guest House,,,,[],,[],,,,,,"['American', 'German', 'Italian', 'American']","217 Mountain Rest Rd, New York City, NY 12561-2830",[],,New York,,
National at Park Towers,3.0,2 reviews,#457 of 531 hotels in New York City,"['Non-smoking hotel', 'Laundry service', 'Air conditioning', 'Kitchenette', 'Non-smoking rooms', 'Suites', 'Family rooms']",,[],,,370,86,100,"['American', 'Italian', 'American', 'French']","315 W 57th St, New York City, NY 10019-3158",['Value'],,New York,40.7673053,-73.9837866
Hotel Park 79,3.5,6 reviews,#39 of 96 B&Bs / Inns in New York City,"['Parking', 'Free High Speed Internet (WiFi)', 'Vending machine', '24-hour security', 'Baggage storage', '24-hour check-in', '24-hour front desk', 'Laundry service', 'Wifi', 'Concierge', 'ATM on site', 'Safe', 'Telephone', 'Iron', 'Laptop safe', 'iPod docking station', 'Complimentary toiletries', 'Hair dryer']",English,[],,,201,40,100,"['American', 'Lebanese', 'French', 'American']","117 W 79th St, New York City, NY 10024-6401","['Location', 'Cleanliness', 'Service']",,New York,40.782434499999994,-73.97594075585528
Shepherd Guest House,5.0,2 reviews,#64 of 290 Speciality lodging in New York City,[],,[],,,,,,['Fast food'],"539 Shepherd Ave, New York City, NY","['Cleanliness', 'Service', 'Value']",,New York,40.67131205,-73.879876718905
Lincoln Road Bed & Breakfast,5.0,4 reviews,#60 of 290 Speciality lodging in New York City,[],,[],,,60,1,91,"['American', 'Cafe', 'Caribbean']","176 Lincoln Rd, New York City, NY 11225-3423","['Location', 'Cleanliness', 'Service', 'Value']",,New York,40.66098995,-73.95666375
The Rivieria New York,5.0,1 review,#80 of 290 Speciality lodging in New York City,[],,[],,,248,40,100,"['American', 'Italian', 'Bar', 'Italian']","1590 106 Street, New York City, NY 10029",[],,New York,,
180 Water,5.0,1 review,#71 of 290 Speciality lodging in New York City,[],,[],,,348,55,100,"['Italian', 'Japanese', 'American', 'American']","180 Water St, New York City, NY 10038-3562",[],,New York,40.7068168,-74.0053605
short term stay nyc,5.0,3 reviews,#68 of 290 Speciality lodging in New York City,[],,[],,,268,48,100,"['Italian', 'American', 'Chinese', 'Chinese']","Park Row, New York City, NY 10012","['Location', 'Cleanliness', 'Service', 'Value']",,New York,40.7133244,-73.9988789
Furnished Dwellings,5.0,1 review,#75 of 290 Speciality lodging in New York City,[],,[],,,609,150,100,"['American', 'Mexican', 'American', 'Japanese']","1385 Broadway 16th Floor, New York City, NY 10018-6001","['Location', 'Service', 'Value']",,New York,,
Royal Suites Manhattan,3.5,8 reviews,#85 of 290 Speciality lodging in New York City,[],,[],,,93,4,96,"['Mexican', 'Caribbean', 'Italian', 'Mexican']","160 E 116th St, New York City, NY 10029-1395","['Location', 'Cleanliness', 'Service', 'Value']",,New York,40.798197900000005,-73.94130955434875
Macy Empire,2.5,4 reviews,#135 of 290 Speciality lodging in New York City,"['Air conditioning', 'Seating area', 'Iron', 'Coffee / tea maker', 'Kitchenette', 'Flatscreen TV', 'Complimentary toiletries', 'Hair dryer', 'Microwave', 'Refrigerator', 'Kitchenware', 'Family rooms']",,[],,,596,129,100,"['American', 'Japanese', 'Asian', 'Cafe']","38 W 31st St, New York City, NY 10001-4403","['Cleanliness', 'Service']",,New York,40.74708835,-73.98782938541981
New York Apartments,,,,[],,[],,,596,129,100,"['American', 'Japanese', 'Asian', 'Cafe']","Broadway and West 31st, New York City, NY 10001",[],,New York,,
Jumel Terrace Bed and Breakfast,5.0,8 reviews,#36 of 96 B&Bs / Inns in New York City,"['Free parking', 'Free High Speed Internet (WiFi)', 'Breakfast available', 'Conference facilities', 'Banquet room', 'BBQ facilities', 'Baggage storage', 'Dry cleaning', 'Parking', 'Wifi', 'Meeting rooms', 'Executive lounge access', 'Non-smoking hotel', 'Laundry service', 'Self-serve laundry', 'Soundproof rooms', 'Air conditioning', 'Desk', 'Interconnected rooms available', 'Seating area', 'Kitchenette', 'iPod docking station', 'Bath / shower', 'Iron', 'Laptop safe', 'Wake-up service / alarm clock', 'Microwave', 'Refrigerator', 'Kitchenware', 'Complimentary toiletries', 'Hair dryer', 'Non-smoking rooms', 'Suites', 'Family rooms', 'Smoking rooms available']",English,[],,,144,10,79,"['Italian', 'American', 'Irish', 'Cafe']","426 W 160th St, New York City, NY 10032-5304","['Location', 'Cleanliness', 'Service', 'Value']",,New York,40.83407875,-73.93947325549874
Henn Na Hotel New York,4.0,8 reviews,#47 of 290 Speciality lodging in New York City,"['Paid public parking nearby', 'Free High Speed Internet (WiFi)', 'Fitness Centre with Gym / Workout Room', 'Bar / lounge', 'Kids stay free', 'Meeting rooms', 'Baggage storage', 'Non-smoking hotel', 'Wifi', 'Restaurant', 'Breakfast available', 'Outdoor dining area', '24-hour check-in', '24-hour front desk', 'Express check-in / check-out', 'Bathrobes', 'Air conditioning', 'Desk', 'Housekeeping', 'Interconnected rooms available', 'Refrigerator', 'Cable / satellite TV', 'Bidet', 'Private balcony', 'Safe', 'Telephone', 'Wardrobe / wardrobe', 'Iron', 'Laptop safe', 'Private bathrooms', 'Wake-up service / alarm clock', 'Flatscreen TV', 'Bath / shower', 'Complimentary toiletries', 'Hair dryer', 'Non-smoking rooms', 'Suites']","Spanish, Filipino, Japanese",[],9327,Expedia,570,121,100,"['American', 'American', 'Italian', 'Japanese']","235 W 35th St, New York City, NY 10001-1901","['Cleanliness', 'Service', 'Value']",,New York,40.7494537,-73.9849092
Sonder | City Hall Park,5.0,3 reviews,#35 of 96 B&Bs / Inns in New York City,"['Free High Speed Internet (WiFi)', 'Wifi', 'Complimentary instant cofffee', 'Complimentary tea', 'Non-smoking hotel', 'Express check-in / check-out', 'Private check-in / check-out', 'Washing machine', 'Air conditioning', 'Dining area', 'Seating area', 'Sofa', 'Coffee / tea maker', 'Kitchenette', 'Flatscreen TV', 'Bath / shower', 'Iron', 'Private bathrooms', 'Microwave', 'Electric kettle', 'Kitchenware', 'Complimentary toiletries', 'Hair dryer', 'Non-smoking rooms', 'Suites']","English, French, Spanish",[],,,405,75,100,"['Italian', 'Japanese', 'American', 'American']","17 John Street, New York, NY, USA Wall Street - Financial District, New York City, NY 10038",[],,New York,,
Manhattan Studio Apartments,3.0,1 review,#110 of 290 Speciality lodging in New York City,[],,[],,,520,114,100,"['American', 'Asian', 'Cafe', 'Asian']","31st Street & Broadway, New York City, NY 10001","['Cleanliness', 'Service', 'Value']",,New York,40.7618142,-73.9254184
"Front & Wall Street, Operated By Whyhotel",3.0,2 reviews,#107 of 290 Speciality lodging in New York City,"['Free High Speed Internet (WiFi)', 'Fitness Centre with Gym / Workout Room', 'Pets Allowed ( Dog / Pet Friendly )', 'Rooftop terrace', 'BBQ facilities', '24-hour check-in', 'Express check-in / check-out', 'Self-serve laundry', 'Wifi', 'Non-smoking hotel', 'Shared kitchen', 'Desk', 'Dining area', 'Seating area', 'Separate dining area', 'Separate living room', 'Coffee / tea maker', 'Kitchenette', 'Walk-in shower', 'Sofa', 'Wardrobe / wardrobe', 'Laptop safe', 'Private bathrooms', 'Microwave', 'Oven', 'Refrigerator', 'Stovetop', 'Kitchenware', 'City view']","English, Spanish",[],17888,Hotels.com,316,60,100,"['American', 'Irish', 'American', 'American']","110 Wall St, New York City, NY 10005-3801","['Cleanliness', 'Service']",,New York,40.7048909,-74.0066253
Hotel 837,3.0,8 reviews,#106 of 290 Speciality lodging in New York City,"['Free High Speed Internet (WiFi)', 'Wifi', 'Room service']",,[],,,341,44,100,"['Indian', 'American', 'American', 'American']","837 2nd Ave, New York City, NY 10017-4303","['Location', 'Cleanliness', 'Service']",,New York,40.7516726,-73.9710941
A Town House Stay,4.5,3 reviews,#95 of 290 Speciality lodging in New York City,[],,[],,,124,39,100,"['American', 'Seafood', 'French']","54 East 80th Street, Anco Studios, New York City, NY 10021","['Location', 'Cleanliness', 'Service', 'Value']",,New York,,
Macy Empire Apartments,3.5,3 reviews,#90 of 290 Speciality lodging in New York City,[],,[],,,596,129,100,"['American', 'Japanese', 'Asian', 'Cafe']","38 West 31 Street, New York City, NY 10001-4403",[],,New York,,
Pleasant Place,4.0,1 review,#452 of 531 hotels in New York City,[],,[],,,,,,"['Italian', 'Deli']","179-11 146 Drive, New York City, NY 11434-5317","['Service', 'Value']",,New York,,
Bridgestreet 85 John Street,4.5,2 reviews,#87 of 290 Speciality lodging in New York City,[],,[],,,383,65,100,"['Italian', 'Japanese', 'American', 'American']","85 John St, New York City, NY 10038-2823","['Location', 'Cleanliness', 'Service', 'Value']",,New York,40.7084095,-74.0066887
Orchard Guesthouse,4.5,3 reviews,#86 of 290 Speciality lodging in New York City,"['Free parking', 'Free High Speed Internet (WiFi)', 'Wifi', 'Restaurant', 'Kitchenette']",,[],,,339,50,100,"['American', 'American', 'American', 'American']","35 Orchard St, New York City, NY 10002-6111","['Location', 'Cleanliness', 'Service', 'Value']",,New York,40.7157721,-73.9915624
Nap York Central Park,1.5,2 reviews,#160 of 290 Speciality lodging in New York City,[],,[],,,457,107,100,"['Mediterranean', 'American', 'Asian', 'French']","940 8th Ave, New York City, NY 10019-4287","['Service', 'Value']",,New York,40.7656895,-73.9833905
Hello Broadway,,,,[],,[],,,412,93,100,"['American', 'American', 'Italian', 'American']","38 West 31 St. 214 NoMad, New York City, NY 10001-4403",[],,New York,,
Comfort Inn JFK Airport,1.0,1 review,#489 of 531 hotels in New York City,[],,[],9906,Expedia,,,,"['American', 'Bar', 'Italian', 'Pub']","13215 150th Ave, New York City, NY 11430-1516","['Location', 'Service']",,New York,40.6614604,-73.7919252
The Nomad Suites,1.0,2 reviews,#167 of 290 Speciality lodging in New York City,[],,[],19558,Booking.com,597,130,100,"['American', 'Japanese', 'Asian', 'Cafe']","38 W 31st St, New York City, NY 10001-4498","['Location', 'Service']",,New York,40.74708835,-73.98782938541981
Blue Bird Inn,1.0,1 review,#63 of 96 B&Bs / Inns in New York City,[],,[],9087,Expedia,98,2,66,"['Seafood', 'Fast food', 'Caribbean', 'Bar']","13868 94th Ave, New York City, NY 11435-4402",[],,New York,40.6972635,-73.8130073
Hotel Henny,1.0,1 review,#485 of 531 hotels in New York City,[],,[],8472,Agoda.com,178,5,78,"['Caribbean', 'Italian', 'Spanish', 'American']","Map 505 W 181st St,, New York City, NY 10033-5102",[],,New York,,
Global Luxury Suites at 300 East 39th Street,,,,[],,[],,,263,21,100,"['American', 'Japanese', 'American', 'American']","300 E 39th St Murray Hill, New York City, NY 10016-2140",[],,New York,40.7476008,-73.9732419
Residence Inn New York Downtown Manhattan/Financial District,,,,[],,[],9916,Booking.com,401,66,100,"['Italian', 'Japanese', 'American', 'American']","215 Pearl Street, Wall Street Financial District, New York City, NY 10038",[],,New York,,
Sun N Sand Hotel,,,,[],,[],,,,,,[],,[],,New York,44.933143,7.540121
Upper West Side Manhattan,,,,[],,[],,,,,,[],,[],,New York,44.933143,7.540121
Private Rooms in Hamilton Heights,,,,[],,[],,,,,,[],,[],,New York,44.933143,7.540121
Signature SoHo Suites,,,,[],,[],,,344,186,100,"['Italian', 'Italian', 'Italian', 'Italian']","147 Spring St, New York City, NY 10012-3860",[],,New York,40.724427649999996,-74.00127955
Hotel Caribe,,,,[],,[],,,110,6,86,"['American', 'Cafe', 'Cafe', 'American']","515 W 145th St, New York City, NY 10031-5101",[],,New York,40.825813,-73.9485289
Upper East Guesthouse,Have you been to ,Upper East Guesthouse,?,[],,[],,,182,34,100,"['Italian', 'Japanese', 'Italian', 'American']","1364 Lexington Ave, New York City, NY 10128-1566",[],,New York,40.7822945,-73.9537163
Sonder - Stock Exchange,,,,[],,[],,,412,81,100,"['Japanese', 'American', 'Irish', 'American']","20 Broad St, New York City, NY 10005-2601",[],,New York,40.7065092,-74.0112391
Best Western Plus Soho Hotel,,,,[],,[],,,,,,[],,[],,New York,44.933143,7.540121
Studio 75,,,,[],,[],,,77,25,99,"['American', 'Lebanese', 'French', 'Chinese']","320 W 75th St, New York City, NY 10023-1612",[],,New York,40.782207099999994,-73.98457945700761
TEN15NYC Apartments,Have you been to ,TEN15NYC Apartments,?,[],,[],,,,,,[],,[],,New York,44.933143,7.540121
Apollo Inn,,,,[],,[],,,105,22,98,"['American', 'Pizza', 'American', 'American']","2027 7th Avenue, New York City, NY 10027-6212",[],,New York,40.75503,-73.987692
Yorkville Apartments -Upper East Side,,,,[],,[],,,,,,[],,[],,New York,44.933143,7.540121
NY City Stay Upper East Side,Have you been to ,NY City Stay Upper East Side,?,"['Free High Speed Internet (WiFi)', 'Wifi']",,[],,,247,41,100,"['Japanese', 'Thai', 'Seafood']","162 E 82nd St, New York City, NY 10028-1826",[],,New York,40.77644475,-73.95691967413958
Fane Hotel,,,,[],,[],,,52,13,89,"['Jamaican', 'African', 'French', 'American']","205 W 135th St, New York City, NY 10030-2801",[],,New York,40.81581894999999,-73.94419643674277
West 30th Street Guest House,,,,[],,[],,,227,44,100,"['American', 'Italian', 'American', 'French']","360 W 30th St, New York City, NY 10001-2704",[],,New York,40.7484534,-73.9927079
Dom Nyc,,,,[],,[],,,494,216,100,"['French', 'American', 'Irish', 'French']","73 West 47th Street 5th Floor, New York City, NY 10036-2822",[],,New York,,
Central Harlem - Private and Shared rooms in Shared Apartment,,,,[],,[],,,138,24,82,"['Jamaican', 'African', 'French', 'American']","100 W 143rd St, New York City, NY 10030-3511",[],,New York,40.8192198,-73.937622
The Quiet Inn on Central Park,Have you been to ,The Quiet Inn on Central Park,?,"['Free parking', 'Street parking', 'Free High Speed Internet (WiFi)', 'Pets Allowed ( Dog / Pet Friendly )', 'Baggage storage', 'Concierge', 'Private check-in / check-out', 'Laundry service', 'Air conditioning']","English, German",[],,,91,30,100,"['American', 'Italian', 'American', 'Cafe']","West 74th Street, Columbus and Central Park West, New York City, NY 10023",[],,New York,,
Lotte New York Palace by Suiteness,,,,[],,[],,,,,,[],,[],,New York,44.933143,7.540121
Shared Room in Times Square,,,,[],,[],,,508,113,100,"['Cafe', 'American', 'Asian', 'American']","767 9th Ave Apt 3N, New York City, NY 10019-6332",[],,New York,,
Luxury Apartments Greenwich Village,Have you been to ,Luxury Apartments Greenwich Village,?,[],,[],64915,Agoda.com,,,,[],,[],,New York,44.933143,7.540121
Budget Stay In Williamsburg,,,,[],,[],,,220,37,98,"['American', 'American', 'American', 'American']","24 Havemeyer St Apt 3B, New York City, NY 11211-2878",[],,New York,,
Gramercy Superior Apartments,,,,[],,[],,,343,36,100,"['Indian', 'American', 'Italian', 'American']","New York City, NY 10010",[],,New York,40.7127281,-74.0060152
Room in Manhattan,,,,[],,[],5880,Booking.com,45,5,90,"['American', 'Seafood']","72 E 127th St, New York City, NY 10035-1207",[],,New York,40.8065103,-73.9388970404672
Comfort Inn Lower East Side,,,,[],,[],,,167,21,100,"['Chinese', 'Mexican', 'Chinese', 'American']","154 Madison St, New York City, NY 10002-7004",[],,New York,40.7123546,-73.9926814
Studios in NYC,,,,[],,[],,,,,,[],,[],,New York,44.933143,7.540121
Great Place in Brooklyn,,,,[],,[],,,35,0,38,"['Asian', 'American', 'American']","475 E 94th St Apt 1F, New York City, NY 11212-1600",[],,New York,,
Global Luxury Suites at Sky,,,,[],,[],,,103,23,100,"['American', 'American', 'European', 'American']","605 W 42nd St, New York City, NY 10036-2010",[],,New York,40.76155005,-73.99863447079215
Manhattan Bedrooms NYC!!,,,,[],,[],,,,,,[],,[],,New York,44.933143,7.540121
Manhattan New York City Rooms,,,,[],,[],,,,,,[],,[],,New York,44.933143,7.540121
Gramercy Park Apartments,,,,[],,[],,,148,19,100,"['American', 'American', 'American', 'Irish']","333 E 21st St, New York City, NY 10010-6543",[],,New York,40.73629814,-73.98089594
Times Square Highline Two Bedroom,,,,[],,[],,,171,51,100,"['Mexican', 'American', 'Italian', 'Seafood']","44th Street @ 10th Avenue, New York City, NY 10036",[],,New York,,
Residences in Turtle Bay Monthly Rentals,,,,[],,[],,,,,,[],,[],,New York,44.933143,7.540121
Shared Room In Upper West Manhattan Near Central Park,,,,[],,[],,,,,,[],,[],,New York,44.933143,7.540121
Yorkville East Side Apartments 30 Day Rentals,,,,[],,[],,,,,,[],,[],,New York,44.933143,7.540121
The James New York Soho,,,,[],,[],,,,,,[],,[],,New York,44.933143,7.540121
Direct Loft At 33 West 71st Street,Have you been to ,Direct Loft At 33 West 71st Street,?,[],,[],,,,,,[],,[],,New York,44.933143,7.540121
South Midtown Manhattan Rentals,,,,[],,[],,,147,12,100,"['Italian', 'American', 'Italian', 'American']","347 E 29th St, New York City, NY 10016-8301",[],,New York,40.74124240816327,-73.97699479591837
Safehouse Suites,Have you been to ,Safehouse Suites,?,['Family rooms'],,[],,,580,249,100,"['Cafe', 'Mexican', 'French', 'American']","1600 Broadway, New York City, NY 10019-7413",[],,New York,40.7601888,-73.98435270226332
The Wall Street Hotel,,,,[],,[],,,398,66,100,"['Japanese', 'American', 'Irish', 'American']","88 Wall St, New York City, NY 10005-3522",[],,New York,40.7054275,-74.0076
Aloft New York Midtown,,,,[],,[],,,563,133,100,"['American', 'Japanese', 'French', 'American']","25 W 38th St, New York City, NY 10018-5505",[],,New York,40.7517801,-73.98408144317747
Grand Central Suites,,,,[],,[],,,,,,[],,[],,New York,44.933143,7.540121
The Best Location of Bayside House,,,,[],,[],,,42,1,44,"['Mediterranean', 'French', 'Seafood', 'French']","21115 32nd Ave, New York City, NY 11361-1048",[],,New York,40.77309,-73.777539
Shared Room Manhattan,,,,[],,[],,,162,5,89,"['Caribbean', 'Italian', 'Spanish', 'American']","1464 Saint Nicholas Ave, New York City, NY 10033-4006",[],,New York,40.85062135,-73.93237695995593
Westway Hotel Laguardia Airport,Have you been to ,Westway Hotel Laguardia Airport,?,[],,[],,,75,20,42,"['Greek', 'Mediterranean', 'Fast food', 'American']","7205 Astoria Blvd N, New York City, NY 11370-1046",[],,New York,40.7661844,-73.890062
Amazing rooms in Manhattan on 141 street,,,,[],,[],,,,,,[],,[],,New York,44.933143,7.540121
Private Bedroom in New York City,,,,[],,[],,,52,12,88,"['Jamaican', 'African', 'French', 'American']","236 W 135th St, New York City, NY 10030-2822",[],,New York,40.8157311,-73.9451417
Dom-Nyc Tranquility,,,,[],,[],,,,,,[],,[],,New York,44.933143,7.540121
Harlem Hospitality House,Have you been to ,Harlem Hospitality House,?,[],,[],,,106,20,97,"['American', 'Pizza', 'American', 'Italian']","216 W 122nd St, New York City, NY 10027-5408",[],,New York,40.80727055,-73.95075788431456
Best Western Bowery Hanbee Hotel,,,,[],,[],,,,,,[],,[],,New York,44.933143,7.540121
The Sylvan Guest House,Have you been to ,The Sylvan Guest House,?,[],,[],,,,,,[],,[],,New York,44.933143,7.540121
Kore 58,Have you been to ,Kore 58,?,"['Non-smoking hotel', 'Kitchenette', 'Non-smoking rooms', 'Suites', 'Family rooms']",,[],,,153,23,100,"['American', 'Italian', 'Mediterranean', 'American']","426 East 58 Street, New York City, NY 10022-2326",[],,New York,,
Signature Suites The Trophy Suites,,,,[],,[],,,125,37,100,"['American', 'Italian', 'Italian', 'Italian']","20 West St, New York City, NY 10004-1217",[],,New York,40.63382955,-74.1185897
Bay shore Inn,,,,[],,[],,,,,,"['Mexican', 'Deli', 'American']","300 Bay Shore Rd, New York City, NY 11706-5347",[],,New York,,
Studios in New York,,,,[],,[],,,584,131,100,"['American', 'Japanese', 'Asian', 'Cafe']","38 W 31st St, New York City, NY 10001-4498",[],,New York,40.74708835,-73.98782938541981
Courtyard New York Manhattan/Central Park,,,,[],,[],,,,,,[],,[],,New York,44.933143,7.540121
Hostel Reservation Resources - 360,,,,[],,[],,,227,44,100,"['American', 'Italian', 'American', 'French']","360 W 30th St, New York City, NY 10001-2704",[],,New York,40.7484534,-73.9927079
Sun Bright Hotel,Have you been to ,Sun Bright Hotel,?,[],,[],,,592,99,100,"['Japanese', 'Spanish', 'American']","140 Hester St, New York City, NY 10013-4735",[],,New York,40.7173601,-73.9959227
5th & 55th Residence Club,,,,[],,[],68288,Hotels.com,400,128,100,"['Contemporary', 'Healthy', 'Italian', 'Cafe']","5th & 55th, New York City, NY 10022",[],,New York,40.76151957142857,-73.97434228571429
"Hotel And The City, Empire State Building",,,,[],,[],16741,Booking.com,573,131,100,"['American', 'Japanese', 'American', 'Asian']","1234 Broadway OFC#1, New York City, NY 10001-4379",[],,New York,,
Midtown West Suites At 48th Street And Times Square,Have you been to ,Midtown West Suites At 48th Street And Times Square,?,[],,[],,,668,239,100,"['Cafe', 'Mexican', 'American', 'Asian']","235 W 48th St, New York City, NY 10036-1404",[],,New York,40.7608729,-73.98598967529813
Dumont NYC - An Affinia Hotel,Have you been to ,Dumont NYC - An Affinia Hotel,?,[],,[],,,394,39,100,"['Indian', 'American', 'Italian', 'Asian']","150 E 34th St, New York City, NY 10016-4760",[],,New York,40.745917250000005,-73.97931381083616
Salisbury Hotel,Have you been to ,Salisbury Hotel,?,[],,[],,,405,99,100,"['Mediterranean', 'French', 'Contemporary', 'Healthy']","123 W 57th St, New York City, NY 10019-2200",[],,New York,40.76509515,-73.9783705165602
Bluebird Suites in Times Square,,,,[],,[],,,668,239,100,"['Cafe', 'Mexican', 'American', 'Asian']","235 W 48th St, New York City, NY 10036-1404",[],,New York,40.7608729,-73.98598967529813
Gramercy Corporte Suites,,,,[],,[],,,,,,[],,[],,New York,44.933143,7.540121
East Side Riviera,Have you been to ,East Side Riviera,?,[],,[],,,71,7,86,"['Italian', 'American', 'Italian', 'Caribbean']","2163 1st Ave, New York City, NY 10029-3093",[],,New York,40.7933893,-73.9376593098055
Shared Room In Manhattan Near Central Park,,,,[],,[],11760,Booking.com,113,12,100,"['American', 'French', 'Italian', 'French']","108 E 97th St Apt 1B, New York City, NY 10029-7229",[],,New York,,
Central Manhattan Suites,,,,[],,[],,,410,37,100,"['American', 'Indian', 'Vietnamese', 'Cafe']","Midtown East, New York City, NY 10022",[],,New York,40.7598219,-73.9724708
Brooklyn Heights 30 Day Rentals,,,,[],,[],,,,,,[],,[],,New York,44.933143,7.540121
Rockville Centre Inn,Have you been to ,Rockville Centre Inn,?,[],,[],,,,,,[],,[],,New York,44.933143,7.540121
The High Tide Studio #2 Condo,,,,[],,[],,,,,,[],,[],,New York,44.933143,7.540121
Midtown Apartment,,,,[],,[],,,597,130,100,"['American', 'Japanese', 'Asian', 'Cafe']","38 W 31st St, New York City, NY 10001-4498",[],,New York,40.74708835,-73.98782938541981
John Street Suites By Aba,Have you been to ,John Street Suites By Aba,?,[],,[],,,386,62,100,"['Italian', 'Japanese', 'American', 'American']","100 John St, New York City, NY 10038-3807",[],,New York,40.708085,-74.006475
Stay Inn Columbus Circle,,,,[],,[],,,,,,[],,[],,New York,44.933143,7.540121
Mulberry Suites NYC,5.0,1 review,#89 of 290 Speciality lodging in New York City,"['Wifi', 'Paid wifi', 'Restaurant', 'Self-serve laundry']",,[],,,539,130,100,"['Japanese', 'Spanish', 'American', 'Italian']","145 Mulberry St, New York City, NY 10013-4766","['Service', 'Value']",,New York,40.7189295,-73.9976487
La Maison d'Art,5.0,1 review,#45 of 96 B&Bs / Inns in New York City,[],,[],,,47,9,86,"['French', 'African', 'French', 'American']","259 W 132nd St, New York City, NY 10027-7966",[],,New York,40.81429415,-73.94681034999999
My City House,5.0,1 review,#83 of 290 Speciality lodging in New York City,[],,[],,,579,181,100,"['Cafe', 'American', 'Asian', 'Italian']","West 47th & 9th Ave, New York City, NY 10036",[],,New York,,
Tribeca Lofts,2.0,5 reviews,#166 of 290 Speciality lodging in New York City,[],,[],,,287,110,100,"['Asian', 'Italian', 'Japanese', 'American']","297 Church St, New York City, NY 10013-5716",['Service'],,New York,40.719182950000004,-74.00430455
Luxury 2 Bedrooms Upper West Side Manhattan,,,,[],,[],,,154,15,100,"['American', 'Eastern European', 'Spanish', 'American']","189 W 89th St, New York City, NY 10024-1959",[],,New York,40.7895627,-73.9732478
The Court - A St Giles Hotel,3.0,2 reviews,#466 of 531 hotels in New York City,[],,[],,,445,63,100,"['American', 'Japanese', 'American', 'American']","130 E 39th St, New York City, NY 10016-0906",['Service'],,New York,40.7495591,-73.9777334
Excellent Apartment by Central Park,,,,[],,[],,,365,49,100,"['American', 'Vietnamese', 'Cafe']","242 E 58th St, New York City, NY 10022-2001",[],,New York,40.7601287,-73.9654321
Highbridge House 173rd Street,,,,[],,[],,,172,5,80,"['Caribbean', 'Italian', 'Irish', 'Spanish']","556 W 173rd St, New York City, NY 10032-1746",[],,New York,40.843536799999995,-73.9365421
Residences in the Financial District,3.0,4 reviews,#105 of 290 Speciality lodging in New York City,[],,[],,,356,64,100,"['American', 'Irish', 'American', 'American']","95 Wall St Financial District, New York City, NY 10005-4201","['Cleanliness', 'Service', 'Value']",,New York,40.7047056,-74.00756981131559
Highbridge House,3.0,1 review,#108 of 290 Speciality lodging in New York City,[],,[],,,66,6,88,"['Cafe', 'Cafe', 'African', 'Bar']","307A W 146th St, New York City, NY 10039-3164","['Location', 'Cleanliness', 'Service', 'Value']",,New York,40.8239154,-73.9421279
Kore Properties - 92,3.0,1 review,#109 of 290 Speciality lodging in New York City,"['Non-smoking hotel', 'Kitchenette', 'Non-smoking rooms', 'Suites']",,[],,,116,11,100,"['Eastern European', 'Spanish', 'American', 'American']","150 West 92 Street, New York City, NY 10025-7516","['Location', 'Cleanliness', 'Service', 'Value']",,New York,40.7909731,-73.97144300832336
NYC Guesthouse,3.0,8 reviews,#134 of 290 Speciality lodging in New York City,[],,[],,,147,19,85,"['American', 'Jamaican', 'Cafe', 'Cafe']","205 W 147th St Apt 5, New York City, NY 10039-3409","['Location', 'Cleanliness', 'Service', 'Value']",,New York,,
Lafayette International Guesthouse,,,,[],,[],,,100,4,96,"['American', 'Mexican', 'Caribbean', 'French']","167.5 E 115th St, New York City, NY 10029-2002",[],,New York,40.797767666666665,-73.941486
NYC Summer Dorms Queens,Have you been to ,NYC Summer Dorms Queens,?,[],,[],,,76,24,47,"['Fast food', 'American', 'Pizza', 'Cafe']","2240 90th St, New York City, NY 11369-1771",[],,New York,40.7638942,-73.8788249
Bridgestreet The Sheffield,1.0,1 review,#123 of 290 Speciality lodging in New York City,[],,[],,,396,87,100,"['American', 'Asian', 'Italian', 'American']","322 W 57th St, New York City, NY 10019-3701","['Location', 'Cleanliness', 'Service', 'Value']",,New York,40.766755,-73.9840893915325
Archstone East 39th,Have you been to ,Archstone East 39th,?,"['Fitness Centre with Gym / Workout Room', 'Business Centre with Internet Access', 'Kitchenette', 'Family rooms']",,[],,,263,21,100,"['American', 'Japanese', 'American', 'American']","300 E 39th St, New York City, NY 10016-2140",[],,New York,40.7476008,-73.9732419
Chelsea Center East,3.0,5 reviews,#51 of 96 B&Bs / Inns in New York City,['Kitchenette'],,[],,,434,112,100,"['American', 'American', 'American']","83 Essex St Fl 2, New York City, NY 10002-3886","['Location', 'Cleanliness', 'Service', 'Value']",,New York,,
Elegant Retreats,3.0,1 review,#52 of 96 B&Bs / Inns in New York City,[],,[],,,74,12,100,"['American', 'Italian', 'American', 'American']","401 Manhattan Ave, New York City, NY 10026-2024","['Location', 'Cleanliness']",,New York,40.805603500000004,-73.95665060451924
TerraceStay,,,,[],,[],,,89,21,99,"['Pizza', 'American', 'American', 'American']","140 W 124th St, New York City, NY 10027-4973",[],,New York,40.8075355,-73.94761434785025
Kore Properties - 94,3.5,3 reviews,#104 of 290 Speciality lodging in New York City,"['Non-smoking hotel', 'Kitchenette', 'Non-smoking rooms', 'Suites']",,[],,,132,11,100,"['Italian', 'Italian', 'Asian', 'Indian']","336 E 94th St, New York City, NY 10128-4703","['Location', 'Cleanliness', 'Service', 'Value']",,New York,40.78202895,-73.94639168393797
Bella Guest House,,,,[],,[],,,100,25,97,"['Pizza', 'American', 'American', 'American']","149 W 121st St, New York City, NY 10027-6474",[],,New York,40.8061994,-73.94923723974262
515 Flats,,,,[],,[],,,332,55,100,"['Asian', 'Asian', 'American', 'Italian']","515 W 47th St, New York City, NY 10036-2211",[],,New York,40.7633206,-73.9939668836156
Kore Properties 83,,,,[],,[],,,189,39,100,"['American', 'Eastern European', 'Asian', 'American']","155 W 83rd St, New York City, NY 10024-5076",[],,New York,40.785431700000004,-73.97524298522538
The Western Corner Hostel,,,,[],,[],,,61,7,91,"['American', 'Italian', 'Japanese', 'Italian']","188 Claremont Ave, New York City, NY 10027-4025",[],,New York,40.814746850000006,-73.95996518693933
Churchill Suites East Side,Have you been to ,Churchill Suites East Side,?,"['Non-smoking hotel', 'Non-smoking rooms', 'Family rooms']",,[],,,163,20,98,"['American', 'Italian', 'Mediterranean', 'Bar']","360 E 65th St Located at The Easton, New York City, NY 10065-6712",[],,New York,,
Harrington House Hotel,,,,[],,[],,,558,176,100,"['Irish', 'French', 'Italian', 'Japanese']","12 W 44th St, New York City, NY 10036-6604",[],,New York,40.75503955,-73.98109421784193
The Waldorf Towers Hotel,Have you been to ,The Waldorf Towers Hotel,?,[],,[],,,,,,[],,[],,New York,44.933143,7.540121
Dom-Nyc Dreamaker,,,,[],,[],,,494,216,100,"['French', 'American', 'Irish', 'French']","73 W 47th St Unit 4, New York City, NY 10036-2822",[],,New York,,
Execustay The York,,,,[],,[],,,605,141,100,"['American', 'American', 'Japanese', 'American']","488 Seventh Avenue, New York City, NY 10018-6805",[],,New York,42.71220251020409,-73.71147238775511
Surfers' Haven At Rockaway Beach Hotel Room,,,,[],,[],,,,,,[],,[],,New York,44.933143,7.540121
DoubleTree Suites by Hilton Hotel New York City - Times Square,Have you been to ,DoubleTree Suites by Hilton Hotel New York City - Times Square,?,[],,[],,,,,,[],,[],,New York,44.933143,7.540121
Hamilton Heights Stylish Apartments,,,,[],,[],,,99,6,85,"['American', 'Italian', 'Cafe', 'Cafe']","536 W 143rd St, New York City, NY 10031-6520",[],,New York,40.824672,-73.95093660319068
Village Apartments,2.5,9 reviews,#128 of 290 Speciality lodging in New York City,[],,[],,,350,111,100,"['Cafe', 'French', 'Italian']","11 Waverly Pl Greenwich Village, New York City, NY 10003-6722","['Location', 'Cleanliness', 'Service', 'Value']",,New York,40.7301234,-73.9941159
Uptown Manhattan Deluxe Apartments,Have you been to ,Uptown Manhattan Deluxe Apartments,?,[],,[],,,55,13,90,"['African', 'French', 'American', 'French']","2309 Adam Clayton Powell Jr Blvd, New York City, NY 10030-2641",[],,New York,40.8155024,-73.94314617511685
NY Finest Luxury Apartment,3.5,8 reviews,#66 of 290 Speciality lodging in New York City,"['Free High Speed Internet (WiFi)', 'Wifi']",,[],,,309,65,100,"['Italian', 'Asian', 'American', 'American']","475 W 41st St, New York City, NY 10036-6813","['Location', 'Cleanliness', 'Service']",,New York,40.758834,-73.995324
PermaGO FiDi,,,,[],,[],,,,,,[],,[],,New York,44.933143,7.540121
Hamilton Suite,,,,[],,[],,,85,7,87,"['American', 'Italian', 'Cafe', 'Italian']","Hamilton Heights West Harlem, New York City, NY 10031",[],,New York,40.82571165,-73.94799756215596
Grand Central Residences,,,,[],,[],,,358,49,100,"['American', 'Japanese', 'American', 'American']","235 E 43rd St, New York City, NY 10017-4703",[],,New York,40.75078,-73.9721285
Residence Inn By Marriott Ny Manhattan D0wntown/financial District,1.0,1 review,#486 of 531 hotels in New York City,[],,[],,,400,66,100,"['Italian', 'Japanese', 'American', 'American']","215 Pearl St Building B, New York City, NY 10038-4916",[],,New York,,
Apartments Upper West Side,Have you been to ,Apartments Upper West Side,?,[],,[],,,94,11,97,"['Spanish', 'American', 'Cafe', 'Wine Bar']","West 97th Street and Columbus Avenue, New York City, NY 10025",[],,New York,,
Bluebird Suites in Midtown West,,,,[],,[],,,432,105,100,"['Mediterranean', 'American', 'French', 'Italian']","235 W 56th St, New York City, NY 10019-4307",[],,New York,40.7658332,-73.9825997
My Favorite Place B&B,Have you been to ,My Favorite Place B&B,?,[],,[],,,84,3,92,"['Mexican', 'Mexican', 'Mexican', 'Indian']","East 116TH Street, New York City, NY 10026",[],,New York,40.800665,-73.946462
Madison Avenue Luxury Apartments Next To Times Square,,,,[],,[],,,551,89,100,"['Indian', 'American', 'Italian', 'American']","New York City, NY 10016",[],,New York,40.7127281,-74.0060152
Chelsea Waterside Apartments 30 Day Stays,2.0,1 review,#139 of 290 Speciality lodging in New York City,[],,[],,,166,72,100,"['American', 'American', 'Italian', 'American']","424 W 23rd St, New York City, NY 10011-2102",[],,New York,40.746744,-74.00214720408164
Idyllic New York Apt.,,,,[],,[],,,140,7,62,"['Italian', 'Mediterranean', 'Pizza', 'Mexican']","50-44 47 St 2nd Floor, New York City, NY 11377-7328",[],,New York,,
Soho Garden Hotel,,,,[],,[],,,421,131,100,"['Japanese', 'Spanish', 'American', 'American']","416 Broadway, New York City, NY 10013",[],,New York,40.7191626,-74.0019028
Museum Bed and Breakfast,4.0,1 review,#49 of 96 B&Bs / Inns in New York City,[],,[],,,136,9,82,"['Italian', 'Irish', 'Asian', 'Cafe']","430 W. 162 Street, New York City, NY 10032-5349","['Location', 'Cleanliness', 'Service', 'Value']",,New York,,
Times Square West Hostel,4.0,2 reviews,#93 of 290 Speciality lodging in New York City,[],,[],,,379,71,100,"['Cafe', 'Italian', 'Asian', 'American']","460 W 46th St, New York City, NY 10036-9007","['Location', 'Cleanliness', 'Service', 'Value']",,New York,40.7619893,-73.9934235
Broadway Tower,4.0,1 review,#453 of 531 hotels in New York City,"['Non-smoking hotel', 'Non-smoking rooms']",,[],,,154,11,100,"['American', 'American', 'Latin', 'American']","216 W 103rd St, New York City, NY 10025-8713",[],,New York,40.79886,-73.9682035
Chelsea South 30 Day Stays,1.0,3 reviews,#171 of 290 Speciality lodging in New York City,[],,[],,,359,74,100,"['Mexican', 'American', 'Italian', 'American']","117 8th Ave, New York City, NY 10011-5151",['Service'],,New York,40.7404995,-74.0019502
Abode Bed and Breakfast,4.0,4 reviews,#50 of 96 B&Bs / Inns in New York City,[],,[],,,89,8,96,"['Japanese', 'American', 'Italian', 'Mediterranean']","520 E 76th St, New York City, NY 10021-3161","['Location', 'Cleanliness', 'Service', 'Value']",,New York,40.7688102,-73.95087925234262
New York Apartments Hotel - Extended Stay,4.0,4 reviews,#77 of 290 Speciality lodging in New York City,[],,[],,,55,5,86,"['Italian', 'Italian', 'Italian', 'Caribbean']","416 E 120th St, New York City, NY 10035-3673","['Location', 'Cleanliness', 'Service', 'Value']",,New York,40.79805975,-73.9328262
Upper West Side Apartments 30 Day Rentals,1.0,2 reviews,#169 of 290 Speciality lodging in New York City,[],,[],,,124,14,98,"['American', 'Spanish', 'American', 'American']","228 W 98th St, New York City, NY 10025-5623",[],,New York,40.79570415789474,-73.97044778947368
Bed and Breakfast NYC,4.0,2 reviews,#44 of 96 B&Bs / Inns in New York City,[],,[],,,480,110,100,"['American', 'Asian', 'French', 'Italian']","301 W 55th St Apt #4, New York City, NY 10019-4532","['Location', 'Cleanliness', 'Service', 'Value']",,New York,,
Worldwide Plaza,4.0,4 reviews,#79 of 290 Speciality lodging in New York City,[],,[],,,603,168,100,"['Cafe', 'American', 'Asian', 'American']","350 W 50th St, New York City, NY 10019-6664","['Location', 'Cleanliness', 'Service', 'Value']",,New York,40.7627443,-73.9878936
Trump Park Avenue,4.0,2 reviews,#96 of 290 Speciality lodging in New York City,"['Fitness Centre with Gym / Workout Room', 'Bar / lounge', 'Restaurant', 'Laundry service', 'Room service']",,[],,,312,91,100,"['American', 'French', 'Italian', 'Cafe']","502 Park Ave, New York City, NY 10022-1108","['Location', 'Cleanliness', 'Service', 'Value']",,New York,40.76323425,-73.97010474133899
Alma Mathews House,4.0,1 review,#103 of 290 Speciality lodging in New York City,[],,[],,,358,116,100,"['French', 'Italian', 'Italian', 'French']","275 W 11th St, New York City, NY 10014-2412","['Location', 'Cleanliness', 'Service', 'Value']",,New York,40.73623995,-74.00451018547794
Hotel Olcott,4.0,3 reviews,#450 of 531 hotels in New York City,"['Air conditioning', 'Room service', 'Kitchenette', 'Refrigerator']",,[],,,158,41,100,"['American', 'Lebanese', 'French', 'Italian']","27 W 72nd St, New York City, NY 10023-3498","['Location', 'Cleanliness', 'Service', 'Value']",,New York,40.77725255,-73.97737385248627
Liberty Inn,4.0,5 reviews,#58 of 290 Speciality lodging in New York City,"['Parking', 'Free High Speed Internet (WiFi)', 'Wifi', 'Hot bath', 'Bicycle rental', 'Baggage storage', '24-hour check-in', '24-hour front desk', 'Air conditioning']",,[],,,170,52,100,"['Mexican', 'American', 'Italian', 'Seafood']","51 10th Ave, New York City, NY 10014-1110","['Location', 'Cleanliness', 'Service', 'Value']",,New York,40.741990099999995,-74.00856738119066
Harlem Lofts,4.0,4 reviews,#59 of 290 Speciality lodging in New York City,[],,[],,,81,9,93,"['American', 'American', 'American', 'American']","33 W 128th St Bsmt 1, New York City, NY 10027-3169","['Location', 'Service']",,New York,,
The Lodging New York,Have you been to ,The Lodging New York,?,[],,[],,,318,50,100,"['American', 'Asian', 'Italian', 'Mexican']","West 52nd St, New York City, NY 10019",[],,New York,40.7648116,-73.9881708
Rostel,1.0,1 review,#146 of 290 Speciality lodging in New York City,[],,[],,,93,4,96,"['Mexican', 'Caribbean', 'Italian', 'Mexican']","160 E 116th St East Harlem, New York City, NY 10029-1395",[],,New York,40.798197900000005,-73.94130955434875
The Leo House,4.0,6 reviews,#436 of 531 hotels in New York City,[],,[],,,306,61,100,"['Italian', 'Japanese', 'Fast food', 'American']","332 W 23rd St, New York City, NY 10011-2283","['Location', 'Cleanliness', 'Service', 'Value']",,New York,40.7456073,-73.99990638496621
La Quinta Inn & Suites Manhattan,3.5,4 reviews,#456 of 531 hotels in New York City,[],,[],,,590,125,100,"['American', 'Japanese', 'Asian', 'Cafe']","17 W 32nd St, New York City, NY 10001-3820","['Service', 'Value']",,New York,40.7478601,-73.98647698679473
The Modern @ Rockefeller,4.0,1 review,#88 of 290 Speciality lodging in New York City,[],,[],,,457,173,100,"['Contemporary', 'French', 'American', 'Irish']","18 W 48th St, New York City, NY 10036-1815",[],,New York,40.75750575,-73.97934331790792
Hilton Garden Inn New York Times Square North,Have you been to ,Hilton Garden Inn New York Times Square North,?,"['Free High Speed Internet (WiFi)', 'Wifi', 'Fitness Centre with Gym / Workout Room', 'Children Activities (Kid / Family Friendly)', 'Meeting rooms', 'Non-smoking hotel', 'Non-smoking rooms']",,[],9598,GardenInn.com,495,192,100,"['Irish', 'French', 'Italian', 'Japanese']","30 W 46th St., New York City, NY 10036",[],,New York,40.75646535,-73.98063878060343
SpringHill Suites New York Midtown Manhattan/Park Avenue,1.0,2 reviews,#494 of 531 hotels in New York City,"['Paid private parking nearby', 'Free High Speed Internet (WiFi)', 'Fitness Centre with Gym / Workout Room', 'Free breakfast', 'Bowling', 'Golf course', 'Kids stay free', 'Babysitting', 'Wifi', 'Breakfast available', 'Breakfast buffet', 'Kid-friendly buffet', 'Vending machine', 'Hiking', 'Water park', 'Billiards', 'Board games / puzzles', ""Children's playground"", 'Highchairs available', 'Business Centre with Internet Access', 'Photo copier / fax In business centre', 'Adults only', '24-hour security', 'Concierge', 'Newspaper', 'ATM on site', '24-hour check-in', '24-hour front desk', 'Express check-in / check-out', 'Laundry service', 'Blackout curtains', 'Soundproof rooms', 'Air conditioning', 'Housekeeping', 'Room service', 'Coffee / tea maker', 'Cable / satellite TV', 'Walk-in shower', 'Safe', 'Seating area', 'Telephone', 'Iron', 'Laptop safe', 'Private bathrooms', 'Wake-up service / alarm clock', 'Microwave', 'Refrigerator', 'Radio', 'iPod docking station', 'Bath / shower', 'Complimentary toiletries', 'Hair dryer', 'Non-smoking rooms']",English,[],,,484,78,100,"['French', 'American', 'American', 'American']","111 E 24th St, New York City, NY 10010-2907",[],,New York,40.7406992,-73.98506351515377
Green Holidays Apartments,4.0,4 reviews,#63 of 290 Speciality lodging in New York City,[],,[],,,596,129,100,"['American', 'Japanese', 'Asian', 'Cafe']","38 W 31st St, New York City, NY 10001-4403","['Service', 'Value']",,New York,40.74708835,-73.98782938541981
The Harlem Getaway,,,,[],,[],9369,Booking.com,78,14,93,"['American', 'American', 'American', 'American']","133 W 130th St, New York City, NY 10027-2034",[],,New York,40.81170779999999,-73.94453965
The Washington,3.0,2 reviews,#53 of 96 B&Bs / Inns in New York City,[],,[],10206,Hotels.com,262,58,100,"['Japanese', 'American', 'American', 'American']","8 Albany Street, New York City, NY 10006",[],,New York,40.70920805,-74.0136683922442
The Hub Times Square North,1.5,3 reviews,#496 of 531 hotels in New York City,[],,[],9362,Trip.com,489,192,100,"['Irish', 'French', 'Italian', 'Japanese']","30 W 46th St, New York City, NY 10036-4500","['Service', 'Value']",,New York,40.75646535,-73.98063878060343
Umbrella Hotel Brooklyn,,,,[],,[],9147,Booking.com,114,5,70,"['American', 'Italian', 'Chinese', 'Mediterranean']","1108 60th St, New York City, NY 11219-4924",[],,New York,40.63126608163265,-74.0027318979592
TBA Times Square,1.5,8 reviews,#175 of 290 Speciality lodging in New York City,"['Free High Speed Internet (WiFi)', 'Wifi', 'Fitness Centre with Gym / Workout Room', 'Free breakfast', 'Pets Allowed ( Dog / Pet Friendly )', 'Business Centre with Internet Access', 'Kitchenette']",,[],8643,Booking.com,469,151,100,"['American', 'Mexican', 'Italian', 'Asian']","340 W 40th St, New York City, NY 10018-1404","['Location', 'Service', 'Value']",,New York,40.756878,-73.9932298
Casa Cipriani New York,5.0,1 review,#444 of 531 hotels in New York City,"['Valet parking', 'Free internet', 'Rooftop pool', 'Fitness Centre with Gym / Workout Room', 'Bar / lounge', 'Bicycles available', 'Game room', 'Babysitting', 'Paid private parking nearby', 'Yoga classes', 'Yoga room', 'Fitness / spa changing rooms', 'Fitness classes', 'Personal trainer', 'Sauna', 'Restaurant', 'Breakfast available', 'Breakfast in the room', 'Outdoor dining area', 'Wine / champagne', 'Rooftop bar', 'Aerobics', 'Evening entertainment', 'Patio', 'Walking tours', 'Board games / puzzles', 'Taxi service', 'Conference facilities', 'Banquet room', 'Meeting rooms', 'Photo copier / fax In business centre', 'Spa', 'Body wrap', 'Couples massage', 'Facial treatments', 'Foot bath', 'Foot massage', 'Full body massage', 'Hand massage', 'Head massage', 'Makeup services', 'Manicure', 'Massage', 'Massage chair', 'Neck massage', 'Pedicure', 'Salon', 'Solarium', 'Steam room', 'Waxing services', 'Rooftop terrace', '24-hour security', 'Baggage storage', 'Concierge', 'Newspaper', 'Non-smoking hotel', 'Outdoor furniture', 'Sun deck', 'Sun loungers / beach chairs', 'Sun terrace', 'Sun umbrellas', 'Butler service', 'Doorperson', 'First aid kit', 'Umbrella', '24-hour check-in', '24-hour front desk', 'Express check-in / check-out', 'Private check-in / check-out', 'Dry cleaning', 'Laundry service', 'Ironing service', 'Shoeshine', 'Allergy-free room', 'Blackout curtains', 'Air conditioning', 'Desk', 'Housekeeping', 'Interconnected rooms available', 'Walk-in shower', 'Bath / shower', 'Soundproof rooms', 'Air purifier', 'Bathrobes', 'Private balcony', 'Room service', 'Safe', 'Seating area', 'Separate dining area', 'Separate living room', 'Sofa', 'Telephone', 'VIP room facilities', 'Wardrobe / wardrobe', 'Bottled water', 'Clothes rack', 'Iron', 'Laptop safe', 'Private bathrooms', 'Tile / marble floor', 'Wake-up service / alarm clock', 'Complimentary toiletries', 'Hair dryer', 'Ocean view', 'City view', 'Non-smoking rooms', 'Suites']",,[],59609,Agoda.com,142,39,100,"['Irish', 'American', 'American', 'American']","10 South St, New York City, NY 10004-1921","['Location', 'Cleanliness', 'Service']",,New York,40.700987850000004,-74.01165071158765
Courtyard New York Downtown Manhattan / Financial District,2.5,7 reviews,#479 of 531 hotels in New York City,"['Paid public parking nearby', 'Free High Speed Internet (WiFi)', 'Fitness Centre with Gym / Workout Room', 'Bar / lounge', 'Taxi service', 'Business Centre with Internet Access', 'Meeting rooms', 'Baggage storage', 'Car park', 'Wifi', 'Coffee shop', 'Restaurant', 'Breakfast available', 'Convenience store', 'Non-smoking hotel', '24-hour check-in', '24-hour front desk', 'Express check-in / check-out', 'Clothes dryer', 'Dry cleaning', 'Laundry service', 'Self-serve laundry', 'Washing machine', 'Blackout curtains', 'Air conditioning', 'Desk', 'Housekeeping', 'Room service', 'Coffee / tea maker', 'Cable / satellite TV', 'Walk-in shower', 'Safe', 'Telephone', 'Wardrobe / wardrobe', 'Iron', 'Laptop safe', 'Private bathrooms', 'Wake-up service / alarm clock', 'Refrigerator', 'Flatscreen TV', 'Bath / shower', 'Complimentary toiletries', 'Hair dryer', 'City view', 'Non-smoking rooms']","English, Spanish, Chinese",[],8471,Expedia,401,66,100,"['Italian', 'Japanese', 'American', 'American']","215 Pearl St, New York City, NY 10038-4916","['Location', 'Cleanliness', 'Service', 'Value']",,New York,40.7072263,-74.00632946466536
Best Western Premier Empire State Hotel,4.5,6 reviews,#43 of 290 Speciality lodging in New York City,[],,[],8555,Expedia,544,103,100,"['Indian', 'American', 'American', 'Asian']","16 E 30th St, New York City, NY 10016-7002","['Location', 'Cleanliness', 'Service', 'Value']",,New York,40.74543454545455,-73.98546718181818
Residence Inn New York Downtown Manhattan/financial District,3.0,4 reviews,#472 of 531 hotels in New York City,"['Valet parking', 'Free High Speed Internet (WiFi)', 'Fitness Centre with Gym / Workout Room', 'Free breakfast', 'Taxi service', 'Business Centre with Internet Access', 'Baggage storage', 'Convenience store', 'Paid public parking on-site', 'Wifi', 'Bar / lounge', 'Coffee shop', 'Restaurant', 'Breakfast available', 'Breakfast buffet', 'Kid-friendly buffet', 'Wine / champagne', 'Non-smoking hotel', 'ATM on site', '24-hour check-in', '24-hour front desk', 'Express check-in / check-out', 'Clothes dryer', 'Dry cleaning', 'Laundry service', 'Self-serve laundry', 'Washing machine', 'Blackout curtains', 'Air conditioning', 'Desk', 'Housekeeping', 'Room service', 'Coffee / tea maker', 'Cable / satellite TV', 'Walk-in shower', 'Telephone', 'Wardrobe / wardrobe', 'Iron', 'Laptop safe', 'Private bathrooms', 'Wake-up service / alarm clock', 'Kitchenette', 'Microwave', 'Refrigerator', 'Stovetop', 'Kitchenware', 'Flatscreen TV', 'Bath / shower', 'Complimentary toiletries', 'Hair dryer', 'City view', 'Non-smoking rooms', 'Suites']","English, Spanish, Chinese",[],8732,Hotels.com,400,66,100,"['Italian', 'Japanese', 'American', 'American']","215 Pearl St, New York City, NY 10038-4916",['Service'],,New York,40.7072263,-74.00632946466536
