hotel_name,rating,review_count,hotel_rank,amenities,languages,hotel_class,price,best_price_source,restraunts_nearby,attractions_nearby,good_for_walkers_out_of_100,top_cuisines,lat_long_link,best_features_as_per_reviews,restaurants,city,lat,lon
Hotel 1888 Collection,3.5,39 reviews,#119 of 374 Speciality lodging in Singapore,"['Free High Speed Internet (WiFi)', 'Wifi', 'Children Activities (Kid / Family Friendly)', 'Air conditioning', 'Family rooms']",,[],5323,FindHotel,875,129,100,"['French', 'International', 'Japanese', 'Irish']","20 Trengganu Street Jinshan Hotel 3rd Storey, Chinatown, Singapore 058479 Singapore","['Location', 'Cleanliness', 'Service', 'Value']","[{'name': 'Le Petit Chef - Singapore', 'cusines': ['', 'Chinese', 'Asian', 'Indian', 'Middle Eastern'], 'reviews': '126 reviews'}, {'name': 'Tai Wah Cooked Food', 'cusines': [' '], 'reviews': '\n'}, {'name': 'Yum Cha Restaurant', 'cusines': [', ', ' '], 'reviews': '\n'}, {'name': 'JJMnoodleplace', 'cusines': [], 'reviews': None}, {'name': 'Li Xiang Lan Hotpot', 'cusines': [], 'reviews': None}, {'name': 'Smash Fusion Kitchen & Bar (DD Eatzakaya)', 'cusines': [', ', ' '], 'reviews': '\n'}, {'name': 'Derwish-Turkish', 'cusines': ['', 'Turkish', 'Middle Eastern', 'Mediterranean'], 'reviews': '227 reviews'}, {'name': 'Fatty Weng Restaurant', 'cusines': [', ', ', Singaporean ', ' '], 'reviews': '\n'}, {'name': 'Da Dong Restaurant (Fatty Weng)', 'cusines': [', ', ', Singaporean ', ' '], 'reviews': '\n'}, {'name': 'Fu Yuan Family Cuisine', 'cusines': [' '], 'reviews': '\n'}, {'name': 'Bibing Cafe', 'cusines': [], 'reviews': '\n'}, {'name': 'Chicken Run Restaurant', 'cusines': [', ', ', Singaporean ', ' '], 'reviews': '\n'}, {'name': 'BAM! Restaurant', 'cusines': ['', 'Spanish', 'Fusion', 'Japanese Fusion'], 'reviews': '224 reviews'}, {'name': 'Wonderful Durian', 'cusines': [' '], 'reviews': '\n'}, {'name': 'Bedok Chwee Kueh', 'cusines': [], 'reviews': '\n'}, {'name': '18 Hours', 'cusines': [' ', ', Bar, ', ', ', ' Pub, '], 'reviews': '\n'}, {'name': 'Yi Xin Vegetarian Food', 'cusines': [', ', ' '], 'reviews': '\n'}, {'name': 'Nomiya', 'cusines': [', Japanese Fusion ', ' '], 'reviews': '\n'}, {'name': 'IndoChili - Halal Indonesian Restaurant', 'cusines': ['', 'Asian', 'Indonesian', 'Grill', 'Singaporean'], 'reviews': '314 reviews'}, {'name': 'Xiang Man Guo Szechuan Cuisine', 'cusines': [', ', ', Singaporean ', ' '], 'reviews': '\n'}, {'name': 'Wan Nian Stone Pot Fish', 'cusines': [', ', ' '], 'reviews': '\n'}, {'name': 'Mooks Thai Bistro Chinatown', 'cusines': [', Pub ', ', ', ' '], 'reviews': '\n'}, {'name': 'Hi Joyful', 'cusines': [', ', ' '], 'reviews': '\n'}, {'name': 'Chinatown Food Street', 'cusines': [', ', ', Singaporean ', ' '], 'reviews': '\n'}, {'name': 'Red Sparrow', 'cusines': ['', 'Asian', 'Vietnamese'], 'reviews': '368 reviews'}, {'name': 'Yu Cun Kitchen', 'cusines': [', ', ' '], 'reviews': '\n'}, {'name': 'Peng Cheng Xiao Chu', 'cusines': [', ', ' '], 'reviews': '\n'}, {'name': 'Chinatown Complex', 'cusines': [', ', ', Singaporean ', ' '], 'reviews': '\n'}, {'name': 'Lim Chee Guan', 'cusines': [' '], 'reviews': '\n'}, {'name': 'Mei Heong Yuen Dessert', 'cusines': [' '], 'reviews': '\n'}, {'name': 'The Line', 'cusines': ['', 'Asian', 'International', 'Seafood', 'Singaporean'], 'reviews': '3,008 reviews'}, {'name': 'Song Fa Bak Kut Teh, Chinatown Point', 'cusines': [', ', ', Singaporean ', ' '], 'reviews': '\n'}, {'name': 'Nanyang Old Coffee', 'cusines': [', ', ', Singaporean ', ' '], 'reviews': '\n'}, {'name': ""Momma Kong's"", 'cusines': [', ', ', Singaporean ', ' '], 'reviews': '\n'}, {'name': 'Tong Heng Delicacies', 'cusines': [' '], 'reviews': '\n'}, {'name': 'Chinatown Seafood Restaurant', 'cusines': [', Singaporean ', ' '], 'reviews': '\n'}, {'name': 'Byblos Grill', 'cusines': ['', 'Arabic', 'Lebanese', 'Barbecue'], 'reviews': '466 reviews'}]",Singapore,,
St Signature Lite,,,,[],,[],,,649,78,100,"['French', 'German', 'Chinese', 'Japanese']","85 Beach Road St Signature Bugis Beach, Singapore 189694 Singapore",[],,Singapore,,
MKS Backpackers Hostel - Campbell Lane,3.0,1 review,#217 of 374 Speciality lodging in Singapore,[],,['Budget'],,,255,53,100,"['Asian', 'Italian', 'Cafe', 'Indian']","36 Campbell Lane, Singapore 209908 Singapore",[],,Singapore,,
KINN Capsule Hotel,5.0,6 reviews,#122 of 374 Speciality lodging in Singapore,"['Paid public parking nearby', 'Free High Speed Internet (WiFi)', 'Complimentary instant cofffee', 'Complimentary tea', 'Rooftop terrace', '24-hour security', 'Baggage storage', 'Self-serve laundry', 'Non-smoking hotel', 'Shared bathroom', 'Shared lounge / TV area', 'First aid kit', 'Blackout curtains', 'Air conditioning', 'Housekeeping', 'Safe', 'Iron', 'Microwave', 'Walk-in shower', 'Complimentary toiletries', 'Hair dryer', 'City view', 'Non-smoking rooms']","English, Chinese, Indonesian, Korean",[],,,711,110,100,"['French', 'Contemporary', 'Chinese']","39 South Bridge Road, Singapore 058673 Singapore","['Location', 'Service', 'Value']",,Singapore,,
Blissful Loft,4.0,2 reviews,#186 of 374 Speciality lodging in Singapore,"['Free High Speed Internet (WiFi)', 'Free breakfast', 'Bar / lounge', 'Children Activities (Kid / Family Friendly)', 'Airport transportation', 'Baggage storage', 'Laundry service', 'Air conditioning', 'Family rooms']",,[],,,656,91,100,"['Chinese', 'American', 'Steakhouse']","33B Hongkong Street, Singapore 059672 Singapore","['Location', 'Service', 'Value']",,Singapore,1.2874124,103.8471138
Kim Tian Hotel Han,3.5,2 reviews,#199 of 374 Speciality lodging in Singapore,"['Free parking', 'Secured parking', 'Free internet', 'Wifi', '24-hour security', 'Non-smoking hotel', 'Shared lounge / TV area', 'Laundry service', 'Air conditioning', 'Desk', 'Housekeeping', 'Private bathrooms', 'Bath / shower', 'Non-smoking rooms']",English,[],,,155,26,78,"['Chinese', 'Chinese', 'Chinese']","29 Lorong 4 Geylang Kim Tian Hotel (Han) 399281, Singapore 399281 Singapore","['Cleanliness', 'Service', 'Value']",,Singapore,,
Alocassia Serviced Apartments,4.5,5 reviews,#144 of 374 Speciality lodging in Singapore,"['Free parking', 'Free High Speed Internet (WiFi)', 'Complimentary toiletries']","English, Chinese, Malay",[],,,49,8,64,"['Pub', 'Italian', 'European', 'Bar']","383 Bukit Timah Road Alocassia Apartments Off Robin Drive, Singapore 259727 Singapore",['Service'],,Singapore,,
The Amazing Inn,3.0,6 reviews,#29 of 95 B&Bs / Inns in Singapore,"['Free High Speed Internet (WiFi)', 'Wifi', 'Non-smoking hotel', 'Shops', '24-hour front desk', 'Air conditioning', 'Desk', 'Housekeeping', 'Telephone', 'Refrigerator', 'Flatscreen TV', 'Bath / shower', 'Complimentary toiletries', 'Wardrobe / wardrobe', 'Clothes rack', 'Private bathrooms', 'Hair dryer', 'Non-smoking rooms']","English, Chinese",[],,,71,7,78,"['Chinese', 'Chinese', 'Cafe', 'Chinese']","1 Lorong 14 Geylang, Singapore 398913 Singapore","['Cleanliness', 'Service', 'Value']",,Singapore,1.3122028000000001,103.87917616078343
d'Arena,5.0,4 reviews,#133 of 374 Speciality lodging in Singapore,"['Secured parking', 'Free internet', 'Pool', 'Coffee shop', 'Badminton', 'Billiards', 'Banquet room', '24-hour security', 'Public wifi', 'Adult pool', 'Restaurant', 'Vending machine', '24-hour front desk', 'Express check-in / check-out', 'Private check-in / check-out', 'Washing machine', 'Blackout curtains', 'Air conditioning', 'Desk', 'Housekeeping', 'Private balcony', 'Kitchenette', 'Cable / satellite TV', 'Walk-in shower', 'Safe', 'Seating area', 'Sofa', 'Telephone', 'Wardrobe / wardrobe', 'Bottled water', 'Clothes rack', 'Microwave', 'Refrigerator', 'Electric kettle', 'Flatscreen TV', 'Bath / shower', 'Complimentary toiletries', 'Hair dryer', 'City view', 'Pool view', 'Suites', 'Family rooms']","English, Chinese, Malay",[],,,11,5,54,"['Asian', 'Chinese', 'Italian']","511 Upper Jurong Road Arena Country Club, Singapore 638366 Singapore","['Location', 'Cleanliness', 'Service', 'Value']",,Singapore,,
ClubHouse Residences Serviced Apartments,3.0,8 reviews,#226 of 374 Speciality lodging in Singapore,[],,[],,,927,123,100,"['Steakhouse', 'French', 'Japanese', 'French']","36 Club Street, Singapore 069469 Singapore","['Location', 'Cleanliness', 'Service', 'Value']",,Singapore,,
ZEN Hostel Serangoon Road,,,,[],,[],,,157,18,87,"['Indian', 'Bar', 'Cafe', 'Indian']","Located In Mitraa Inn Hostel, Serangoon Rd 531, Singapore 218163 Singapore",[],,Singapore,,
K2 Guesthouse Central,,,,[],,[],,,267,29,100,"['Indian', 'Seafood', 'Indian', 'Arabic']","134 Jalan Besar, Singapore 208852 Singapore",[],,Singapore,1.3066863,103.856401
ReCharge Cozy Room Suite,,,,[],,[],,,115,15,100,"['Italian', 'British', 'European', 'Japanese']","5 Kim Yam Road, Singapore 239322 Singapore",[],,Singapore,,
South Buona Vista Studio Suites A (Staycation Approved),,,,[],,[],,,38,5,68,"['Bar', 'Asian', 'Asian', 'Asian']","38A South Buona Vista Road, Singapore 118164 Singapore",[],,Singapore,,
ZEN Rooms Stevens Road,,,,[],,[],,,53,12,70,"['Pub', 'Chinese', 'Italian', 'European']","60 Stevens Road Metro-y Stevens The Metropolitan Y, Singapore 257854 Singapore",[],,Singapore,,
K Hotel Aliwal (Premier),,,,[],,[],,,417,75,100,"['Italian', 'Japanese', 'Arabic', 'Lebanese']","10 Aliwal Street Jamilla Boutique Inn, Singapore 199903 Singapore",[],,Singapore,,
Rm Hotel,,,,[],,[],,,,,,"['Indian', 'Indian', 'Chinese', 'Pizza']","10 Tuas West Drive, Singapore 638404 Singapore",[],,Singapore,1.3426928,103.6355297
CherryLoft Express,1.0,1 review,#310 of 369 hotels in Singapore,[],,[],,,312,49,100,"['Indian', 'Asian', 'Cafe', 'Indian']","41 Upper Weld Road Cherryloft Express, Singapore 207398 Singapore",[],,Singapore,,
Ibisbudget hotel,,,,[],,[],,,,,,[],,[],,Singapore,44.933143,7.540121
"Amaris Hotel by Santika, Bugis - Singapore",Have you been to ,"Amaris Hotel by Santika, Bugis - Singapore",?,[],,[],,,,,,[],,[],,Singapore,44.933143,7.540121
Innotel Hotel,Have you been to ,Innotel Hotel,?,[],,[],,,,,,[],,[],,Singapore,44.933143,7.540121
Lyf Farrer Park Singapore,Have you been to ,Lyf Farrer Park Singapore,?,[],,[],,,,,,"['Indian', 'Seafood', 'Indian', 'Steakhouse']","2 Perumal Road, #01-01, Singapore 218773 Singapore",[],,Singapore,,
Rain Forest 149 Hostel,,,,[],,[],,,23,5,75,"['Cafe', 'Pizza', 'American', 'American']","Blk 149 Silat Avenue #01-64, Singapore 160149 Singapore",[],,Singapore,,
Cityzen Jalan Besar,,,,[],,[],,,279,51,100,"['Asian', 'Cafe', 'Indian', 'Chinese']","Meriton Hotel, 43A Jalan Besar, Singapore 208804 Singapore",[],,Singapore,,
Potong Pasir Residences,,,,[],,[],,,,,,[],,[],,Singapore,44.933143,7.540121
CityZen Hostel Arab Street,,,,[],,[],,,482,79,100,"['Italian', 'International', 'Japanese', 'Bar']","48 Arab Street Kampong @ Arab, Singapore 199745 Singapore",[],,Singapore,,
CityZen Mustafa Center,,,,[],,[],,,333,23,99,"['Indian', 'Seafood', 'Indian', 'Steakhouse']","165 Kitchener Road Hotel 165, Singapore 208532 Singapore",[],,Singapore,,
City Backpackers At Kallang,,,,[],,[],,,126,17,68,"['Chinese', 'Bar', 'Chinese', 'Indian']","12A Lorong 1 Geylang, Singapore 389120 Singapore",[],,Singapore,,
RedDoorz Hostel At Clarke Quay,Have you been to ,RedDoorz Hostel At Clarke Quay,?,[],,[],,,,,,[],,[],,Singapore,44.933143,7.540121
Hamilton 33,,,,[],,[],,,237,20,92,"['Seafood', 'Bar', 'Bar', 'Cafe']","23A Hamilton Road Kallang, Singapore 209193 Singapore",[],,Singapore,,
Cozy City Room At Farrer Park Mrt,,,,[],,[],,,61,0,82,"['Chinese', 'Cafe', 'Chinese', 'Asian']","217A Rangoon Road, Singapore 218457 Singapore",[],,Singapore,1.3178301,103.8524938
Nnv Hostel,4.0,7 reviews,#147 of 374 Speciality lodging in Singapore,['Laundry service'],,[],,,145,13,90,"['Seafood', 'Bar', 'Bar', 'Cafe']","57 Lavender Street Nnv Hostel, Singapore 338714 Singapore","['Cleanliness', 'Service', 'Value']",,Singapore,,
Diamond Hotel,1.5,3 reviews,#52 of 95 B&Bs / Inns in Singapore,[],,[],,,70,6,79,"['Chinese', 'Chinese', 'Cafe', 'Chinese']","25 Lorong 18 Geylang, Singapore 398806 Singapore","['Location', 'Cleanliness', 'Service', 'Value']",,Singapore,1.3118604,103.8808387
RedDoorz Hostel @ Bugis,,,,[],,[],,,417,75,100,"['Italian', 'Japanese', 'Arabic', 'Lebanese']","10 Aliwal Street Jamilla Boutique Inn Kampong Glam, Singapore 199903 Singapore",[],,Singapore,,
Kim Tian Hotel,Have you been to ,Kim Tian Hotel,?,"['Free parking', 'Street parking', 'Free High Speed Internet (WiFi)', 'Hot bath', 'Vending machine', 'Convenience store', 'Shared lounge / TV area', 'Laundry service', 'Wifi', 'Air conditioning', 'Desk', 'Housekeeping', 'Sofa', 'Coffee / tea maker', 'Electric kettle', 'Cable / satellite TV', 'Bath / shower', 'Telephone', 'Wardrobe / wardrobe', 'Bottled water', 'Private bathrooms', 'Tile / marble floor', 'Flatscreen TV', 'Hair dryer', 'Non-smoking rooms']","English, Chinese",[],,,67,6,74,"['Chinese', 'Chinese', 'Cafe', 'Asian']","21 Lorong 22 Geylang, Singapore 398678 Singapore",[],,Singapore,1.31205945,103.8824717
ZEN Hostel Temple Street,,,,[],,[],,,,,,[],,[],,Singapore,44.933143,7.540121
Copthorne Orchid,Have you been to ,Copthorne Orchid,?,[],,[],,,14,4,62,"['Italian', 'European', 'Asian', 'Cafe']","Dunearn Road 214, Singapore 299526 Singapore",[],,Singapore,,
Hotel Traveltine,,,,[],,[],,,,,,[],,[],,Singapore,44.933143,7.540121
Hilton Singapore Orchard,Have you been to ,Hilton Singapore Orchard,?,"['Valet parking', 'Wifi', 'Pool', 'Fitness Centre with Gym / Workout Room', 'Bar / lounge', 'Airport transportation', 'Conference facilities', 'Banquet room', 'Paid public parking on-site', 'Paid wifi', 'Pool / beach towels', 'Outdoor pool', 'Restaurant', 'Breakfast available', 'Breakfast buffet', 'Breakfast in the room', 'Complimentary instant cofffee', 'Complimentary tea', ""Kids' meals"", 'Special diet menus', 'Wine / champagne', 'Taxi service', 'Meeting rooms', '24-hour security', 'Baggage storage', 'Concierge', 'Convenience store', 'Currency exchange', 'Executive lounge access', 'Gift shop', 'Non-smoking hotel', 'Shops', 'Sun deck', 'Sun loungers / beach chairs', 'Sun umbrellas', 'ATM on site', 'Doorperson', 'First aid kit', 'Umbrella', '24-hour check-in', '24-hour front desk', 'Express check-in / check-out', 'Private check-in / check-out', 'Dry cleaning', 'Laundry service', 'Ironing service', 'Blackout curtains', 'Soundproof rooms', 'Air conditioning', 'Desk', 'Coffee / tea maker', 'Cable / satellite TV', 'Sofa bed', 'Bidet', 'Bathrobes', 'Housekeeping', 'Interconnected rooms available', 'Room service', 'Safe', 'Seating area', 'Sofa', 'Wardrobe / wardrobe', 'Bottled water', 'Clothes rack', 'Iron', 'Laptop safe', 'Wake-up service / alarm clock', 'Minibar', 'Electric kettle', 'Flatscreen TV', 'Radio', 'Walk-in shower', 'Bath / shower', 'Complimentary toiletries', 'Hair dryer', 'City view', 'Landmark view', 'Bridal suite', 'Non-smoking rooms', 'Suites', 'Family rooms']","English, Chinese, Japanese, Malay",[],,,554,85,100,"['Japanese', 'Chinese', 'Italian']","333 Orchard Road Mandarin Orchard Singapore, Singapore 238867 Singapore",[],,Singapore,,
Vista Residences 2BR Suite,,,,[],,[],,,,,,[],,[],,Singapore,44.933143,7.540121
International Service Apartments At Raeburn Park,,,,[],,[],,,17,4,69,"['Cafe', 'Pizza', 'American', 'American']","10 Raeburn Park Block a, Singapore 088702 Singapore",[],,Singapore,,
Zen Premium Kallang,,,,[],,[],,,58,5,75,"['Chinese', 'Chinese', 'Indian', 'Chinese']","Lo 5/6 Hotel Splendour, 5 Lor, Singapore 399167 Singapore",[],,Singapore,,
Twin Room,,,,[],,[],,,71,6,56,"['Chinese', 'Diner']","66 Punggol Walk Floor 03 a Treasure Trove 34, Singapore 828783 Singapore",[],,Singapore,,
Independent (SPHC) Six Senses Maxwell,Have you been to ,Independent (SPHC) Six Senses Maxwell,?,[],,[],,,,,,[],,[],,Singapore,44.933143,7.540121
Ace Suites,,,,[],,[],,,60,8,74,"['Chinese', 'Italian', 'Chinese', 'Asian']","34 Lorong 33 Geylang, Singapore 387989 Singapore",[],,Singapore,1.31564075,103.88801310981046
2RIZ Downtown Backpackers Hostel,2.0,1 review,#223 of 374 Speciality lodging in Singapore,"['Free High Speed Internet (WiFi)', 'Wifi', 'Free breakfast', 'Bar / lounge', 'Restaurant', 'Room service', 'Kitchenette']",,[],,,317,24,100,"['Indian', 'Seafood', 'Japanese', 'Italian']","45 Syed Alwi Road, Singapore 207636 Singapore","['Location', 'Cleanliness', 'Service', 'Value']",,Singapore,1.3071652,103.85808637526459
Funworknet Co-Living Hostel,,,,[],,[],,,,,,"['Thai', 'Chinese', 'Italian', 'Cafe']","15 Yishun Industrial Street 1 Win 5, Singapore 768091 Singapore",[],,Singapore,,
Good People,,,,[],,[],,,108,7,74,"['Chinese', 'Asian', 'Chinese']","10 Geylang East Avenue 2 Simsville, Singapore 389758 Singapore",[],,Singapore,,
Scriptures Backpackers Hostel,,,,[],,[],,,237,20,92,"['Seafood', 'Bar', 'Bar', 'Cafe']","23A Hamilton Road, Singapore 209193 Singapore",[],,Singapore,,
Beat. Sports Hostel,2.0,2 reviews,#246 of 374 Speciality lodging in Singapore,"['Paid public parking nearby', 'Free High Speed Internet (WiFi)', 'Outdoor pool', 'Fitness Centre with Gym / Workout Room', 'Free breakfast', 'Bicycle rental', 'Table tennis', 'Children Activities (Kid / Family Friendly)', 'Complimentary instant cofffee', 'Complimentary tea', 'Walking tours', 'Board games / puzzles', 'Video game console', '24-hour security', 'Shared bathroom', 'Shared kitchen', 'Shared lounge / TV area', 'Sun deck', '24-hour check-in', 'Clothes dryer', 'Washing machine', 'Allergy-free room', 'Blackout curtains', 'Air conditioning', 'Housekeeping', 'Clothes rack', 'Kitchenette', 'Microwave', 'Bidet', 'Soundproof rooms', 'Refrigerator', 'Electric kettle', 'Kitchenware', 'Bath / shower', 'Hair dryer', 'City view', 'Non-smoking rooms', 'Family rooms']","English, Chinese, Malay",[],,,328,27,95,"['Indian', 'Seafood', 'Indian', 'Bar']","290A Jalan Besar Road, Singapore 208953 Singapore","['Service', 'Value']",,Singapore,1.3106463,103.8589044
GvT B&B,,,,[],,[],,,188,8,80,"['Cafe', 'American', 'Cafe', 'Asian']","2 Sinaran Drive Soleil @ Sinaran, Singapore 307467 Singapore",[],,Singapore,,
Cockpit Hotel International,3.0,2 reviews,#279 of 369 hotels in Singapore,[],,[],,,404,60,100,"['Asian', 'Indian', 'Japanese', 'Cafe']","115 Penang Rd., Singapore 238460 Singapore","['Service', 'Value']",,Singapore,1.3000213,103.8404144
iBackpacker Lavender,2.0,5 reviews,#249 of 374 Speciality lodging in Singapore,[],,[],,,226,19,92,"['Seafood', 'Bar', 'Bar', 'Cafe']","178 Tyrwhitt Road Floor 03 Leong Bee Building 178, Singapore 207577 Singapore","['Location', 'Cleanliness', 'Service', 'Value']",,Singapore,,
Farrer Park Backpacker Hostel,,,,[],,[],,,318,21,100,"['Indian', 'Seafood', 'Indian', 'Indian']","42 Sam Leong Road, Singapore 207932 Singapore",[],,Singapore,,
Leonie Suites,,,,[],,[],,,31,7,85,"['Chinese', 'Mediterranean', 'Singaporean', 'Indian']","21 Leonie Hill #29-01 Leonie Suites, Singapore 239223 Singapore",[],,Singapore,,
Bliss hotel,3.5,3 reviews,#191 of 374 Speciality lodging in Singapore,[],,[],,,,,,[],,"['Location', 'Cleanliness', 'Service', 'Value']",,Singapore,44.933143,7.540121
A Beary Good Hostel,5.0,2 reviews,#168 of 374 Speciality lodging in Singapore,[],,[],,,685,113,100,"['French', 'Japanese', 'International', 'Cafe']","Pagoda St 66A & 66B, Chinatown, Singapore 111222 Singapore","['Location', 'Service', 'Value']",,Singapore,1.2836677,103.8438841
Champagne Hotel,3.0,1 review,#36 of 95 B&Bs / Inns in Singapore,['Laundry service'],,[],,,72,8,79,"['Chinese', 'Chinese', 'Cafe', 'Chinese']","41 Lorong 16 Geylang Budget Inn, Singapore 398877 Singapore",[],,Singapore,,
J Gateway,,,,[],,[],,,203,16,100,"['Indian', 'Chinese', 'Chinese', 'Chinese']","2 Gateway Drive #09-07 J Gateway, Singapore 608533 Singapore",[],,Singapore,,
Heritage Inn,Have you been to ,Heritage Inn,?,"['Free High Speed Internet (WiFi)', 'Shared kitchen', 'Family rooms']",English,[],,,317,24,100,"['Indian', 'Seafood', 'Japanese', 'Italian']","45 Syed Alwi Road, #02-01, Singapore 207636 Singapore",[],,Singapore,,
Princeton Hotel,Have you been to ,Princeton Hotel,?,"['Dry cleaning', 'Laundry service', 'Air conditioning', 'Minibar', 'Refrigerator']",,[],,,69,6,75,"['Chinese', 'Chinese', 'Chinese', 'Chinese']","15 Lorong 15 Geylang, Singapore 388607 Singapore",[],,Singapore,1.3131637,103.87805
Deluxe stay on Victoria Street,Have you been to ,Deluxe stay on Victoria Street,?,"['Free parking', 'Free High Speed Internet (WiFi)', 'Restaurant', 'Business Centre with Internet Access', 'Spa', 'Baggage storage', 'Non-smoking hotel', '24-hour front desk', 'Air conditioning', 'Clothes rack', 'Iron', 'Coffee / tea maker', 'Flatscreen TV', 'Bath / shower', 'Complimentary toiletries', 'Family rooms']",,[],,,560,89,100,"['Italian', 'International', 'Japanese', 'Bar']","390 Victoria Street Village Hotel Bugis, Singapore 188061 Singapore",[],,Singapore,,
Manhanttan Inn,Have you been to ,Manhanttan Inn,?,"['Free High Speed Internet (WiFi)', 'Wifi', 'Airport transportation', 'Non-smoking hotel', 'Laundry service', 'Self-serve laundry', 'Air conditioning', 'Non-smoking rooms', 'Family rooms']",,[],,,153,27,100,"['Italian', 'Asian', 'Italian', 'Asian']","Block 52 Chin Swee Road #02-35 Seacare Building, Singapore 169875 Singapore",[],,Singapore,,
RedDoorz near Tiong Bahru Road,,,,[],,[],,,100,18,93,"['Cafe', 'Mediterranean', 'Chinese', 'French']","50 Tiong Bahru Rd, Singapore 168733 Singapore",[],,Singapore,1.2849124500000002,103.8342879221786
Garden Terrace Hotel,3.5,3 reviews,#203 of 374 Speciality lodging in Singapore,"['Free High Speed Internet (WiFi)', 'Children Activities (Kid / Family Friendly)', 'Taxi service', '24-hour security', 'Baggage storage', '24-hour check-in', '24-hour front desk', 'Dry cleaning', 'Wifi', 'Non-smoking hotel', 'Laundry service', 'Air conditioning', 'Desk', 'Bottled water', 'Coffee / tea maker', 'Flatscreen TV', 'Bath / shower', 'Hair dryer', 'Family rooms']","English, Chinese",[],,,157,17,79,"['Asian', 'Italian', 'Seafood', 'Italian']","400 East Coast Road, Singapore 428994 Singapore","['Location', 'Service']",,Singapore,,
Ace Manor,Have you been to ,Ace Manor,?,"['Free parking', 'Secured parking', 'Free High Speed Internet (WiFi)', 'Children Activities (Kid / Family Friendly)', 'Convenience store', 'Non-smoking hotel', 'Clothes dryer', 'Washing machine', 'Sun terrace', 'ATM on site', 'Soundproof rooms', 'Air conditioning', 'Desk', 'Seating area', 'Sofa', 'Kitchenette', 'Microwave', 'Bath / shower', 'Clothes rack', 'Iron', 'Refrigerator', 'Kitchenware', 'Complimentary toiletries', 'Hair dryer']","English, Chinese",[],,,57,2,80,"['Asian', 'Chinese', 'Indian']","2 Ava Road, Singapore 329951 Singapore",[],,Singapore,,
Super 8 Hotel,1.0,1 review,#46 of 95 B&Bs / Inns in Singapore,[],,[],,,56,6,76,"['Chinese', 'Chinese', 'Chinese', 'Chinese']","No. 8 Lorong 10 Geylang, Singapore 399041 Singapore",[],,Singapore,,
Jumbo Bell Tent By The Sea,,,,[],,[],,,72,2,55,"['Seafood', 'Italian', 'Chinese', 'European']","East Coast park Area G, Singapore 468963 Singapore",[],,Singapore,,
Heritage Walk up Apartment,,,,[],,[],,,254,23,94,"['Seafood', 'Bar', 'Bar', 'Cafe']","72 Horne Road Walkup Apartment, Singapore 209075 Singapore",[],,Singapore,,
Damenlou Hotel,Have you been to ,Damenlou Hotel,?,"['Bar / lounge', 'Restaurant', 'Laundry service']",,[],,,1066,136,100,"['Steakhouse', 'French', 'French', 'Japanese']","12 Ann Siang Road, Singapore 069692 Singapore",[],,Singapore,1.2812916,103.8454592
Glamping Society,1.0,4 reviews,#283 of 374 Speciality lodging in Singapore,"['Free parking', 'Bar / lounge', 'Children Activities (Kid / Family Friendly)', 'BBQ facilities']","English, Chinese, Malay",[],,,24,5,53,"['Seafood', 'Italian', 'Mexican', 'International']","1110 East Coast Parkway Goldkist Beach Resort, Singapore 449880 Singapore","['Location', 'Cleanliness', 'Service', 'Value']",,Singapore,,
Alldays Inn @ Paya Lebar,,,,[],,[],,,32,4,49,"['Asian', 'Chinese', 'Asian']","195 Upper Paya Lebar Road, Singapore 534873 Singapore",[],,Singapore,,
Astro Hotel Singapore,3.0,2 reviews,#277 of 369 hotels in Singapore,[],,[],,,100,14,89,"['Italian', 'Asian', 'Singaporean', 'Asian']","51 Joo Chiat Road, Singapore 427213 Singapore","['Location', 'Cleanliness', 'Service', 'Value']",,Singapore,,
May & May Hostel,3.0,2 reviews,#216 of 374 Speciality lodging in Singapore,['Air conditioning'],,[],,,54,2,68,"['European', 'Mediterranean', 'Cafe', 'Italian']","711A East Coast Road, Singapore 459065 Singapore","['Cleanliness', 'Service', 'Value']",,Singapore,,
RedDoorz Hostel @ Chinatown,,,,[],,[],,,903,123,100,"['Steakhouse', 'French', 'Japanese', 'French']","211A South Bridge Road Istay.Inn, Singapore 058760 Singapore",[],,Singapore,,
K Suites Balestier Nearby Orchard,1.0,3 reviews,#276 of 374 Speciality lodging in Singapore,[],,[],,,68,2,83,"['Chinese', 'Asian', 'Chinese']","320 Balestier Road Crescent Building, Singapore 329924 Singapore",[],,Singapore,,
Go Glamping-Luxury Bell Tent,3.0,2 reviews,#213 of 374 Speciality lodging in Singapore,[],,[],,,28,3,80,"['Seafood', 'American', 'Thai', 'American']","East Coast Park Service Road East Cost Park, Singapore 449876 Singapore",[],,Singapore,,
Robinson Condo,3.0,5 reviews,#207 of 374 Speciality lodging in Singapore,[],,[],,,672,70,100,"['Steakhouse', 'French', 'Japanese', 'French']","50 Robinson Road Robinson Suites, Singapore 068882 Singapore","['Location', 'Cleanliness', 'Service']",,Singapore,,
Canning Park Hotel,Have you been to ,Canning Park Hotel,?,[],,[],,,17,1,70,"['Japanese', 'Chinese', 'Cafe']","12 Lorong, Singapore Singapore",[],,Singapore,1.3194036,103.90799374621349
Lodge@Siglap,5.0,1 review,#200 of 374 Speciality lodging in Singapore,[],,[],,,78,4,67,"['Italian', 'European', 'Mediterranean', 'Italian']","16 Bowmont Gardens Frankel Estate, Singapore 459865 Singapore","['Location', 'Cleanliness', 'Service', 'Value']",,Singapore,,
Kim Tian Hotel - Star,Have you been to ,Kim Tian Hotel - Star,?,[],,[],,,56,5,73,"['Chinese', 'Chinese', 'Indian', 'Chinese']","4 Lorong 6 Geylang Kim Tian (Star) Hotel, Singapore 399166 Singapore",[],,Singapore,,
Compass,3.0,2 reviews,#34 of 95 B&Bs / Inns in Singapore,"['Wifi', 'Non-smoking hotel', 'Dry cleaning', 'Laundry service', 'Air conditioning', 'Minibar', 'Non-smoking rooms']",,['Budget'],,,50,4,74,"['Chinese', 'Cafe', 'Chinese', 'Chinese']","36 Lorong 22 Geylang Hotel Compass, Singapore 398693 Singapore","['Cleanliness', 'Service', 'Value']",,Singapore,,
Soo Chew,5.0,1 review,#24 of 95 B&Bs / Inns in Singapore,['Air conditioning'],,[],,,58,1,85,"['Steakhouse', 'Chinese', 'Cafe', 'Chinese']","67 Mergui Road, Singapore, Singapore 219049 Singapore",[],,Singapore,,
Coral Hostel,3.5,4 reviews,#190 of 374 Speciality lodging in Singapore,[],,[],,,479,83,100,"['Italian', 'International', 'Japanese', 'Bar']","5 Jalan Pinang, Singapore 199137 Singapore","['Location', 'Cleanliness', 'Service']",,Singapore,1.3027082,103.8584342
Bunkz N Bedz Hotel,5.0,1 review,#25 of 95 B&Bs / Inns in Singapore,"['Dry cleaning', 'Laundry service', 'Air conditioning']",,[],,,61,5,77,"['Chinese', 'Chinese', 'Italian', 'Chinese']","96A Lorong 27 Geylang, Singapore 388198 Singapore",[],,Singapore,,
Treehouse Backpacker,5.0,2 reviews,#187 of 374 Speciality lodging in Singapore,[],,[],,,301,23,100,"['Indian', 'Seafood', 'Indian', 'Chinese']","197 Jalan Besar, Singapore 208884 Singapore","['Location', 'Cleanliness', 'Service', 'Value']",,Singapore,,
Metropolitan YMCA Residences,4.5,2 reviews,#164 of 374 Speciality lodging in Singapore,"['Free parking', 'Free High Speed Internet (WiFi)', 'Wifi', 'Pool', 'Fitness Centre with Gym / Workout Room', 'Restaurant', 'Shuttle bus service', 'Kitchenette']",,[],,,61,12,71,"['Pub', 'Chinese', 'Italian', 'European']","58 Stevens Road Metropolitan Ymca Residences, Singapore 257871 Singapore","['Cleanliness', 'Service']",,Singapore,,
Gallop Hill Top Resort,4.0,3 reviews,#22 of 95 B&Bs / Inns in Singapore,[],,[],,,60,9,67,"['American', 'Steakhouse', 'Seafood', 'Italian']","100 Turf Club Road #01-5, Singapore 287992 Singapore",[],,Singapore,,
Q Loft,3.5,8 reviews,#162 of 374 Speciality lodging in Singapore,"['Free High Speed Internet (WiFi)', 'Breakfast available', 'Business Centre with Internet Access', 'Non-smoking hotel', 'Dry cleaning', 'Laundry service', 'Self-serve laundry', 'Air conditioning', 'Kitchenette', 'Microwave', 'Refrigerator', 'Non-smoking rooms', 'Family rooms']",,[],,,54,7,75,"['Chinese', 'Chinese', 'Asian', 'Asian']","586 Geylang Road, Singapore 389525 Singapore","['Location', 'Service', 'Value']",,Singapore,1.3101431,103.8700025
Aranda Country Club,4.0,4 reviews,#21 of 95 B&Bs / Inns in Singapore,[],,[],,,54,5,91,"['Asian', 'Chinese', 'American', 'Asian']","60 Pasir Ris Drive 3 Aranda Country Club, Singapore 519497 Singapore","['Location', 'Cleanliness', 'Service']",,Singapore,,
Hotel Fuji,4.0,8 reviews,#20 of 95 B&Bs / Inns in Singapore,"['Free parking', 'Free High Speed Internet (WiFi)', 'Vending machine', 'Baggage storage', 'Non-smoking hotel', '24-hour front desk', 'Dry cleaning', 'Laundry service', 'Ironing service', 'Air conditioning', 'Housekeeping', 'Room service', 'Bottled water']","English, Chinese, Malay",[],,,59,6,72,"['Chinese', 'Chinese', 'Cafe', 'Asian']","22 Jalan Molek, Singapore 399541 Singapore","['Location', 'Cleanliness', 'Service', 'Value']",,Singapore,1.3116336,103.8826879
Checkers Backpackers,3.0,2 reviews,#219 of 374 Speciality lodging in Singapore,[],,[],,,280,51,100,"['Asian', 'Italian', 'Cafe', 'Indian']","58 Dunlop Street, Singapore 209388 Singapore","['Cleanliness', 'Service']",,Singapore,,
Fragrance Hotel - Kovan,3.0,9 reviews,#285 of 369 hotels in Singapore,"['Free parking', 'Free High Speed Internet (WiFi)', 'Taxi service', 'Baggage storage', 'Non-smoking hotel', '24-hour check-in', '24-hour front desk', 'Dry cleaning', 'Parking', 'Wifi', 'Laundry service', 'Air conditioning', 'Housekeeping', 'Telephone', 'Bottled water', 'Iron', 'Coffee / tea maker', 'Bath / shower', 'Complimentary toiletries', 'Hair dryer', 'Non-smoking rooms']",English,[],,,189,8,65,"['French', 'Chinese', 'Chinese', 'Cafe']","760 Upper Serangoon Road, Singapore 534629 Singapore","['Location', 'Cleanliness', 'Service', 'Value']",,Singapore,1.354054,103.87876906699192
Zen Rooms Bukit Merah,3.0,4 reviews,#286 of 369 hotels in Singapore,"['Free parking', 'Free High Speed Internet (WiFi)', 'Fitness Centre with Gym / Workout Room', 'Restaurant', 'Bicycle rental', 'Babysitting', 'Children Activities (Kid / Family Friendly)', 'Airport transportation', 'Wifi', 'Sauna', 'Car hire', 'Currency exchange', 'Air conditioning', 'Fireplace', 'Room service']",,[],,,30,14,64,"['Singaporean', 'Central European', 'Bar', 'Cafe']","512 Kampong Bahru Road Harbour Ville Near Chinatown, Singapore 099448 Singapore","['Cleanliness', 'Service', 'Value']",,Singapore,,
Heritage Collection on Seah,3.0,7 reviews,#212 of 374 Speciality lodging in Singapore,"['Paid public parking nearby', 'Free High Speed Internet (WiFi)', 'Wifi', 'Adults only', 'Non-smoking hotel', 'Private check-in / check-out', 'Clothes dryer', 'Self-serve laundry', 'Washing machine', 'Air conditioning', 'Desk', 'Housekeeping', 'Safe', 'Kitchenette', 'Microwave', 'Flatscreen TV', 'Bath / shower', 'Wardrobe / wardrobe', 'Clothes rack', 'Iron', 'Private bathrooms', 'Refrigerator', 'Electric kettle', 'Kitchenware', 'Complimentary toiletries', 'Hair dryer', 'Non-smoking rooms']","English, Chinese, Filipino, Indonesian",[],,,704,73,100,"['French', 'German', 'Chinese', 'French']","39 Seah Street Heritage Collection On Seah, Singapore 188395 Singapore","['Location', 'Cleanliness', 'Service', 'Value']",,Singapore,,
Wanderous Hostel,4.0,1 review,#209 of 374 Speciality lodging in Singapore,[],,[],,,648,113,100,"['French', 'Contemporary', 'Chinese']","42A South Bridge Road, Singapore 058676 Singapore","['Cleanliness', 'Service']",,Singapore,1.2876297,103.8484256
RedDoorz Premium @ Serangoon,3.0,1 review,#280 of 369 hotels in Singapore,[],,[],,,300,46,100,"['Indian', 'Seafood', 'Cafe', 'Indian']","3 Veerasamy Road Oh My Suites Little India, Singapore 207309 Singapore","['Service', 'Value']",,Singapore,,
Mayfair City Boarding House,3.0,1 review,#278 of 369 hotels in Singapore,"['Internet', 'Minibar']",,[],,,310,79,100,"['French', 'Indian', 'Japanese', 'British']","44 40 Armenian Street, Singapore 179935 Singapore",[],,Singapore,,
Radius International City Lodge,3.0,4 reviews,#276 of 369 hotels in Singapore,"['Wifi', 'Air conditioning']",,[],,,150,13,91,"['Indian', 'Steakhouse', 'Chinese', 'Asian']","99 Rangoon Road, Singapore 218384 Singapore","['Location', 'Cleanliness', 'Service', 'Value']",,Singapore,,
Grandmax,4.0,1 review,#32 of 95 B&Bs / Inns in Singapore,"['Concierge', 'Dry cleaning', 'Laundry service', 'Air conditioning', 'Room service']",,[],,,338,28,100,"['Indian', 'Seafood', 'Indian', 'Indian']","51 Desker Road Golden Royal Hotel, Singapore 209645 Singapore","['Service', 'Value']",,Singapore,,
Citystate Serviced Apartment,4.0,1 review,#204 of 374 Speciality lodging in Singapore,[],,[],,,935,131,100,"['Steakhouse', 'French', 'Japanese', 'French']","38 Club Street, Singapore 069469 Singapore","['Location', 'Cleanliness', 'Service']",,Singapore,,
A Travellers Rest Stop,4.0,1 review,#206 of 374 Speciality lodging in Singapore,[],,[],,,659,98,100,"['International', 'French', 'Bar', 'Japanese']","5 Teck Lim Road, Singapore 088383 Singapore","['Location', 'Cleanliness', 'Service']",,Singapore,,
Redwood@Central,4.0,2 reviews,#201 of 374 Speciality lodging in Singapore,[],,[],,,34,4,49,"['Asian', 'Chinese', 'Asian']","No. 17 Lorong 41 Geylang Lotus At Paya Lebar (West Wing), Singapore 387828 Singapore","['Location', 'Cleanliness', 'Service', 'Value']",,Singapore,,
K Hotel,2.0,4 reviews,#262 of 374 Speciality lodging in Singapore,[],,[],,,159,26,76,"['Chinese', 'Chinese', 'Chinese']","44 Lor 6 Geylang, Singapore 399199 Singapore","['Location', 'Service', 'Value']",,Singapore,,
Singapore International Campus,1.0,3 reviews,#256 of 374 Speciality lodging in Singapore,[],,[],,,40,5,78,"['Steakhouse', 'Cafe', 'Cafe', 'European']","1A Lutheran Road, Singapore 267745 Singapore","['Location', 'Cleanliness', 'Service', 'Value']",,Singapore,,
K Hotel 14,2.0,4 reviews,#263 of 374 Speciality lodging in Singapore,"['Free parking', 'Free High Speed Internet (WiFi)', 'Baggage storage', 'Air conditioning']",,[],,,58,6,76,"['Chinese', 'Chinese', 'Cafe', 'Chinese']","14 Lor 10 Geylang, Singapore 399047 Singapore","['Cleanliness', 'Service', 'Value']",,Singapore,,
CapsulePod at Aljunied,1.0,1 review,#251 of 374 Speciality lodging in Singapore,[],,[],,,61,5,78,"['Chinese', 'Chinese', 'Italian', 'Chinese']","76A Lorong 27 Geylang, Singapore 388194 Singapore",[],,Singapore,,
3D Harmony Backpackers Hostel,1.0,3 reviews,#252 of 374 Speciality lodging in Singapore,[],,[],,,293,58,100,"['French', 'Asian', 'American', 'Italian']","25 Mayo Street Little India, Singapore 208314 Singapore","['Location', 'Cleanliness', 'Service', 'Value']",,Singapore,,
Happy Hostel,1.0,2 reviews,#247 of 374 Speciality lodging in Singapore,[],,[],,,55,4,54,"['Seafood', 'Asian', 'Chinese', 'American']","135 Upper Paya Lebar Road Serangoon / Kovan, Singapore 534843 Singapore","['Location', 'Cleanliness', 'Service', 'Value']",,Singapore,,
Feel At Home Hostel,1.0,1 review,#244 of 374 Speciality lodging in Singapore,[],,[],,,479,83,100,"['Italian', 'International', 'Japanese', 'Bar']","7 Jalan Pinang, Singapore 199139 Singapore",[],,Singapore,,
Changi Beach Club,2.5,4 reviews,#45 of 95 B&Bs / Inns in Singapore,[],,[],,,10,3,46,"['Bar', 'Asian', 'International', 'Seafood']","2 Andover Road Changi Beach Club, Singapore 509984 Singapore",[],,Singapore,,
Vita Hostel,1.5,2 reviews,#237 of 374 Speciality lodging in Singapore,[],,[],,,61,4,80,"['Asian', 'Cafe', 'Chinese', 'Japanese']","50 Carlisle Road Vita Hostel, Singapore 219650 Singapore","['Location', 'Cleanliness', 'Service', 'Value']",,Singapore,,
Oyo 103 Hotel Fuji,,,,[],,[],,,60,6,72,"['Chinese', 'Chinese', 'Cafe', 'Asian']","22 Jalan Molek, Singapore 399541 Singapore",[],,Singapore,1.3116336,103.8826879
Europa Country Club Resort,Have you been to ,Europa Country Club Resort,?,"['Dry cleaning', 'Laundry service', 'Air conditioning']",,[],,,87,15,66,"['Asian', 'Asian', 'Chinese']","418 Thomsom Road, Singapore Singapore",[],,Singapore,,
Philip Hotel,Have you been to ,Philip Hotel,?,"['Parking', 'Free internet', 'Wifi', '24-hour security', 'Non-smoking hotel', '24-hour front desk', 'Air conditioning', 'Desk', 'Housekeeping', 'Telephone', 'Electric kettle', 'Cable / satellite TV', 'Flatscreen TV', 'Complimentary toiletries', 'Private bathrooms', 'Non-smoking rooms']",English,[],,,333,30,100,"['Indian', 'Seafood', 'Indian', 'Indian']","65 Desker Road, Singapore 209588 Singapore",[],,Singapore,1.3089965,103.8554997
Shipping Container Hotel,,,,[],,[],,,77,2,75,"['Chinese', 'Mediterranean', 'Bar', 'Japanese']","77 Ayer Rajah Crescent, Singapore 139954 Singapore",[],,Singapore,1.2982158,103.7866197
Lucky Plaza Apartment,4.0,1 review,#198 of 374 Speciality lodging in Singapore,[],,[],,,508,95,100,"['European', 'American', 'Cafe', 'French']","304 Orchard Road Lucky Plaza Lucky Plaza, Singapore 238863 Singapore","['Cleanliness', 'Service', 'Value']",,Singapore,,
Duo Residences,4.0,1 review,#197 of 374 Speciality lodging in Singapore,[],,[],,,630,89,100,"['Italian', 'Asian', 'Chinese', 'International']","1 Fraser Street Duo Residences, Singapore 189350 Singapore",[],,Singapore,,
Resorts World Sentosa -TreeTop Loft,,,,[],,[],,,,,,[],,[],,Singapore,44.933143,7.540121
Heritage Collection On Boat Quay - Quayside Wing,3.5,2 reviews,#28 of 95 B&Bs / Inns in Singapore,[],,[],,,576,113,100,"['Japanese', 'Chinese', 'European']","76 Boat Quay, Singapore 049864 Singapore",[],,Singapore,1.2882022000000002,103.84920538314044
Rare Landed Property at Kovan Estate,,,,[],,[],,,58,5,46,"['French', 'Italian', 'Cafe', 'Cafe']","28 Rosyth Road, Singapore 546225 Singapore",[],,Singapore,,
RedDoorz Plus @ Little India,Have you been to ,RedDoorz Plus @ Little India,?,[],,[],,,281,48,100,"['Asian', 'Cafe', 'Indian', 'Indian']","23 Dickson Road Reddoorz Plus @ Little India Little India, Singapore 209507 Singapore",[],,Singapore,,
RedDoorz @ Geylang,Have you been to ,RedDoorz @ Geylang,?,[],,[],,,65,7,74,"['Chinese', 'Chinese', 'Cafe', 'Chinese']","61 Westerhout Road Reddoorz @ Geylang, Singapore 397662 Singapore",[],,Singapore,,
The Snooze Hotel Marine Parade,,,,[],,[],,,157,17,79,"['Asian', 'Italian', 'Seafood', 'Italian']","400 East Coast Road, Singapore 428994 Singapore",[],,Singapore,,
Hotel ABCD,,,,[],,[],,,96,14,87,"['Italian', 'Asian', 'Singaporean', 'Asian']","12 Joo Chiat Road, Singapore 427353 Singapore",[],,Singapore,1.3156788,103.8978048
RedDoorz Suites @ Kembangan,Have you been to ,RedDoorz Suites @ Kembangan,?,[],,[],,,66,4,65,"['American', 'Cafe', 'Cafe', 'Singaporean']","19 Jalan Masjid (Second to Fourth Storey), Singapore 418945 Singapore",[],,Singapore,,
Room Werkz,,,,[],,[],,,294,58,100,"['Cafe', 'French', 'Asian', 'American']","149B Selegie Road Selegie Court, Singapore 188314 Singapore",[],,Singapore,,
Sleep Delight,Have you been to ,Sleep Delight,?,"['Free High Speed Internet (WiFi)', 'Business Centre with Internet Access', 'Non-smoking hotel', 'Shared kitchen', 'Shared lounge / TV area', 'Laundry service', 'Air conditioning', 'Family rooms']","English, Chinese",[],,,34,4,58,"['Singaporean', 'Asian', 'Chinese']","19 Tai Thong Crescent Sennett Estate, Singapore 347853 Singapore",[],,Singapore,,
Monlavin Hotel,Have you been to ,Monlavin Hotel,?,"['Wifi', 'Concierge', 'Room service', 'Minibar']",,[],,,56,5,73,"['Chinese', 'Chinese', 'Indian', 'Chinese']","4 Lorong 6 Geylang Kim Tian (Star) Hotel, Singapore 399166 Singapore",[],,Singapore,,
Tokidoki Popup Hotel,Have you been to ,Tokidoki Popup Hotel,?,[],,[],,,,,,[],,[],,Singapore,44.933143,7.540121
Sing Hoe Hotel,Have you been to ,Sing Hoe Hotel,?,['Air conditioning'],,[],,,58,8,58,"['Indian', 'Seafood', 'Italian', 'Italian']","759 Mountbatten Road, Singapore 437761 Singapore",[],,Singapore,1.300595,103.8915462
Nicoll,Have you been to ,Nicoll,?,"['Sauna', 'Bicycle rental', 'Babysitting', 'Concierge', 'Currency exchange', 'Laundry service', 'Air conditioning']",,[],,,160,25,76,"['Chinese', 'Chinese', 'Chinese']","29 Lorong 4 Geylang Kim Tian Hotel (Han), Singapore 399281 Singapore",[],,Singapore,,
Oh My Suites,Have you been to ,Oh My Suites,?,"['Free internet', 'Wifi', 'Airport transportation', '24-hour security', 'Non-smoking hotel', 'Shared lounge / TV area', 'Air conditioning', 'Desk', 'Housekeeping', 'Private bathrooms', 'Refrigerator', 'Electric kettle', 'Bath / shower', 'Complimentary toiletries', 'Hair dryer', 'Non-smoking rooms']",English,[],,,277,56,100,"['Cafe', 'French', 'Asian', 'American']","171 Selegie Road, Singapore 188323 Singapore",[],,Singapore,,
ZEN Rooms Oasis,,,,[],,[],,,58,5,73,"['Chinese', 'Chinese', 'Indian', 'Chinese']","56 Sims Avenue Zen Rooms Oasis, Singapore 387416 Singapore",[],,Singapore,,
RedDoorz Hostel @ Little India,,,,[],,[],,,198,30,98,"['Cafe', 'Indian', 'Indian', 'Indian']","60 Race Course Road, Singapore 218567 Singapore",[],,Singapore,,
New Cathay,Have you been to ,New Cathay,?,"['Free parking', 'Free High Speed Internet (WiFi)', 'Children Activities (Kid / Family Friendly)', 'Non-smoking hotel', 'Air conditioning']",,[],,,73,6,77,"['Chinese', 'Chinese', 'Cafe', 'Italian']","443a Geylang Road, Singapore 389403 Singapore",[],,Singapore,1.3132358,103.8817472
ZEN Hostel Selegie,,,,[],,[],,,256,51,100,"['French', 'Asian', 'American', 'Italian']","11 Mackenzie Road, Singapore 228675 Singapore",[],,Singapore,1.3043686,103.8499076
ZEN Rooms Arab Street,,,,[],,[],,,477,83,100,"['Italian', 'International', 'Japanese', 'Bar']","9-11A Jalan Pinang Hotel Nuve, Singapore 199141 Singapore",[],,Singapore,,
Royal Hostel,Have you been to ,Royal Hostel,?,[],,[],,,702,111,100,"['French', 'Japanese', 'Irish', 'French']","73A Pagoda Street, Singapore 059232 Singapore",[],,Singapore,1.2835635,103.8437083
ZEN Hostel Farrer Park,,,,[],,[],,,324,22,97,"['Indian', 'Seafood', 'Indian', 'Bar']","257 Jalan Besar 7 Wonders Hostel, Singapore 208930 Singapore",[],,Singapore,,
Breeze Inn,Have you been to ,Breeze Inn,?,[],,[],,,474,84,100,"['Italian', 'International', 'Japanese', 'Bar']","3 Jalan Pinang, Singapore 199135 Singapore",[],,Singapore,1.3025739,103.858428
Mistri Road Residences,,,,[],,[],,,,,,[],,[],,Singapore,44.933143,7.540121
Aqua Ceu Beach Resort,,,,[],,[],,,,,,[],,[],,Singapore,44.933143,7.540121
38 Geylang Lorong 8,,,,[],,[],,,59,5,75,"['Chinese', 'Chinese', 'Chinese', 'Chinese']","38 Lorong 8 Geylang, Singapore 399100 Singapore",[],,Singapore,,
Residences at Anson,,,,[],,[],,,,,,[],,[],,Singapore,44.933143,7.540121
RedDoorz @ Aljunied,Have you been to ,RedDoorz @ Aljunied,?,[],,[],,,53,4,74,"['Chinese', 'Cafe', 'Chinese', 'Chinese']","34 Lor 22 Geylang, Singapore 398691 Singapore",[],,Singapore,,
Hilltop Singapore,Have you been to ,Hilltop Singapore,?,"['Free High Speed Internet (WiFi)', 'Wifi', 'Shuttle bus service', 'Kitchenette']",,[],,,128,8,68,"['Bar', 'Italian', 'Contemporary', 'Cafe']","Jalan Bukit Merah, Singapore 150037 Singapore",[],,Singapore,1.286215,103.8086759
The Loft Suites Studio - South Buona Vista,,,,[],,[],,,,,,[],,[],,Singapore,44.933143,7.540121
Star Glamping,,,,[],,[],,,,,,"['Chinese', 'Seafood', 'Seafood', 'Seafood']","East Coast Park Area D, Singapore 458287 Singapore",[],,Singapore,,
RedDoorz Hostel Atre Beach Road,,,,[],,[],,,412,73,100,"['Italian', 'International', 'Japanese', 'Bar']","285 Beach Road Reddoorz Hostel @ Beach Road, Singapore 199550 Singapore",[],,Singapore,,
Happy Hotel - Spring,Have you been to ,Happy Hotel - Spring,?,"['Concierge', 'Non-smoking hotel', 'Air conditioning', 'Non-smoking rooms', 'Family rooms']",,[],,,56,5,73,"['Chinese', 'Chinese', 'Indian', 'Chinese']","4 Lorong 6 Geylang Kim Tian (Star) Hotel Central, Singapore 399166 Singapore",[],,Singapore,,
Kembangan Lodge,Have you been to ,Kembangan Lodge,?,[],,[],,,66,4,66,"['American', 'Cafe', 'Cafe', 'Singaporean']","19 Jalan Masjid, Singapore 418945 Singapore",[],,Singapore,,
Wangz Hotel Singapore,,,,[],,[],,,92,16,95,"['Cafe', 'Mediterranean', 'Chinese', 'French']","231 Outram Road D'Hotel, Singapore 169040 Singapore",[],,Singapore,,
Zen Rooms Basic Bendemeer,Have you been to ,Zen Rooms Basic Bendemeer,?,"['Sauna', 'Bicycle rental', 'Babysitting', 'Car hire', 'Currency exchange', 'Fireplace']",,[],,,188,24,89,"['Indian', 'Bar', 'Bar', 'Cafe']","407 Jalan Besar The Noble Hotel, Singapore 209012 Singapore",[],,Singapore,,
Zen Rooms Boat Quay,Have you been to ,Zen Rooms Boat Quay,?,[],,[],,,713,103,100,"['French', 'Contemporary', 'Chinese']","57 South Bridge Road The Quay Hotel, Singapore 058688 Singapore",[],,Singapore,,
Ocean Singapore,,,,[],,[],,,,,,[],,[],,Singapore,44.933143,7.540121
ZEN Hostel Hong Kong Street,,,,[],,[],,,,,,[],,[],,Singapore,44.933143,7.540121
Mackenzie Apartment 88,,,,[],,[],,,77,21,92,"['Cafe', 'Indian', 'Indian', 'Indian']","116 Mackenzie Road, Singapore 228710 Singapore",[],,Singapore,1.3066129,103.8472295
Creston Suites Balestier,Have you been to ,Creston Suites Balestier,?,"['Free parking', 'Car park', 'Free High Speed Internet (WiFi)', 'Taxi service', '24-hour front desk', 'Washing machine', 'Air conditioning', 'Desk', 'Safe', 'Sofa', 'Telephone', 'Kitchenette', 'Microwave', 'Bath / shower', 'Bottled water', 'Iron', 'Private bathrooms', 'Refrigerator', 'Stovetop', 'Electric kettle', 'Non-smoking rooms']","English, Chinese",[],,,67,2,81,"['Asian', 'Chinese', 'Asian', 'Chinese']","355 Balestier Road Goodwill Mansion, Singapore 329782 Singapore",[],,Singapore,,
Christopher Chan,,,,[],,[],,,347,53,100,"['American', 'Asian', 'Indian', 'Japanese']","2 Dublin Road, Singapore 239786 Singapore",[],,Singapore,,
S Inn Clarke Quay,Have you been to ,S Inn Clarke Quay,?,[],,[],,,,,,[],,[],,Singapore,44.933143,7.540121
The Chancellor Hostel,Have you been to ,The Chancellor Hostel,?,[],,[],,,33,1,81,"['Asian', 'Asian', 'Barbecue', 'Italian']","188L Tanjong Katong Road Golden Lodge Building, Singapore 437156 Singapore",[],,Singapore,,
Astar Eco Hostel,Have you been to ,Astar Eco Hostel,?,"['Shared bathroom', 'Air conditioning', 'Desk', 'Safe', 'Seating area']",,[],,,156,8,61,"['Chinese', 'Chinese', 'Asian', 'Japanese']","571 Jurong East Street 24, Singapore 609560 Singapore",[],,Singapore,1.3433354,103.74412902944869
ZEN Rooms Geylang,,,,[],,[],,,122,9,83,"['Italian', 'Asian', 'Asian']","757 Geylang Road Lorong 39, Singapore 389659 Singapore",[],,Singapore,,
Reddoorz Hostel At Lavender Mrt,,,,[],,[],,,164,14,94,"['Italian', 'Seafood', 'Bar', 'Asian']","30A/B/C Penhas Road Lavender, Singapore 208188 Singapore",[],,Singapore,,
JH Hotel,Have you been to ,JH Hotel,?,[],,[],,,56,6,76,"['Chinese', 'Chinese', 'Chinese', 'Chinese']","8 Lorong 10 Geylang Jh Hotel, Singapore 399041 Singapore",[],,Singapore,,
The Keepers Inn,,,,[],,[],,,692,99,100,"['Contemporary', 'Chinese', 'American']","41 Hongkong Street, Singapore 059680 Singapore",[],,Singapore,,
Madras Hotel@Tekka,,,,[],,[],,,264,52,100,"['Asian', 'Italian', 'Cafe', 'Indian']","No.28-32 Madras Street, Singapore 208422 Singapore",[],,Singapore,,
Beary Good Lodge,Have you been to ,Beary Good Lodge,?,[],,[],,,696,111,100,"['French', 'Japanese', 'Irish', 'French']","73 Pagoda Street, Singapore 059232 Singapore",[],,Singapore,1.283579,103.84371611890963
ZEN Rooms New Bridge Road,,,,[],,[],,,755,121,100,"['French', 'Japanese', 'Irish', 'French']","36 Temple Street, Singapore 058581 Singapore",[],,Singapore,1.2832066,103.8438685
JJH Serviced Apartments,,,,[],,[],,,139,7,53,"['Chinese', 'Cafe', 'Italian', 'Indian']","2A Wolskel Road Jjh Service Apartment, Singapore 357958 Singapore",[],,Singapore,,
ZEN Rooms Orchard,,,,[],,[],,,19,3,86,"['Pub', 'Italian', 'European', 'Bar']","30 Orange Grove Road Relc Building, Singapore 258352 Singapore",[],,Singapore,,
The Plot Hostel,,,,[],,[],,,98,16,94,"['Cafe', 'Mediterranean', 'Chinese', 'French']","259 Outram Road Coo, Singapore 169056 Singapore",[],,Singapore,,
New 7th Storey,Have you been to ,New 7th Storey,?,"['Bar / lounge', 'Restaurant', 'Air conditioning', 'Room service']",,[],,,600,95,100,"['French', 'Italian', 'Chinese', 'Asian']","229 Rochor Road, Singapore 188452 Singapore",[],,Singapore,,
Jem Residences,,,,[],,[],,,193,16,100,"['Indian', 'Chinese', 'Chinese', 'Chinese']","4 Gateway Drive J Gateway, Singapore 608534 Singapore",[],,Singapore,,
ZEN Rooms Changi Village,,,,[],,[],,,34,4,51,"['Bar', 'Cafe', 'Asian', 'Asian']","33 Hendon Road Raintr33 Hotel Singapore Raintr33 Hotel, Singapore 509673 Singapore",[],,Singapore,,
Executive Master Bedroom with Nature Environment,,,,[],,[],,,,,,[],,[],,Singapore,44.933143,7.540121
Royal Residences,Have you been to ,Royal Residences,?,"['Wifi', 'Pool', 'Fitness Centre with Gym / Workout Room', 'Restaurant', 'Babysitting', 'Children Activities (Kid / Family Friendly)', 'Non-smoking hotel', 'Dry cleaning', 'Paid wifi', 'Laundry service', 'Air conditioning', 'Room service', 'Minibar', 'Non-smoking rooms']",,[],,,125,5,80,"['Chinese', 'Cafe', 'Asian', 'Asian']","1A Surrey Road Royal Residences, Singapore 307741 Singapore",[],,Singapore,,
HG Kampung Glamping,,,,[],,[],,,11,5,53,"['Seafood', 'Chinese', 'Asian']","91 Lorong Chencharu Kampung Kampus, Singapore 769194 Singapore",[],,Singapore,,
AweSome view! Ensuite 1+1 @Chinatown Prewar Building,,,,[],,[],,,,,,[],,[],,Singapore,44.933143,7.540121
"Holiday Inn Singapore Little India, AN IHG Hotel",,,,[],,[],,,,,,[],,[],,Singapore,44.933143,7.540121
Residences At Farrer Park by Reddoorz,Have you been to ,Residences At Farrer Park by Reddoorz,?,[],,[],,,281,24,97,"['Indian', 'Seafood', 'Indian', 'Indian']","38 Kinta Road Kinta Suites Farrer Park, Singapore 219107 Singapore",[],,Singapore,,
RedDoorz Hostel near Serangoon Road,Have you been to ,RedDoorz Hostel near Serangoon Road,?,"['Free High Speed Internet (WiFi)', 'Wifi', 'Shuttle bus service']",,[],,,83,15,89,"['Indian', 'Bar', 'Cafe', 'Cafe']","263 Lavender Street Moni Gallery Hostel, Singapore 338795 Singapore",[],,Singapore,,
K Space Inn Owen,,,,[],,[],,,176,12,91,"['Seafood', 'Indian', 'Steakhouse', 'Indian']","95 Owen Road, Singapore 218907 Singapore",[],,Singapore,,
Deluxe Studio & Suite by Recharge,,,,[],,[],,,119,13,100,"['Italian', 'British', 'European', 'Japanese']","293 River Valley Road, Singapore 238334 Singapore",[],,Singapore,,
K Hotel 8,,,,[],,[],,,55,5,77,"['Chinese', 'Chinese', 'Chinese', 'Chinese']","37 Lor 8 Geylang, Singapore 399099 Singapore",[],,Singapore,,
Rest House,Have you been to ,Rest House,?,"['Free public parking nearby', 'Street parking', 'Free High Speed Internet (WiFi)', 'Snack bar', 'Clothes dryer', 'Laundry service', 'Washing machine', 'Ironing service', 'Bathrobes', 'Air conditioning', 'Desk', 'Housekeeping', 'Seating area', 'Dishwasher', 'Flatscreen TV', 'Bath / shower', 'Sofa', 'Bottled water', 'Clothes rack', 'Iron', 'Wake-up service / alarm clock', 'Microwave', 'Refrigerator', 'Kitchenware', 'Complimentary toiletries', 'Hair dryer']","English, Chinese",[],,,101,6,63,"['Italian', 'Asian', 'Italian', 'Italian']","133 Serangoon Garden Way Serangoon Garden Estate, Singapore 556035 Singapore",[],,Singapore,,
Tiong Bahru Residences,,,,[],,[],,,103,16,94,"['Chinese', 'Cafe', 'Mediterranean', 'Chinese']","Outram Road, Singapore 00000 Singapore",[],,Singapore,1.289139,103.8350639
K Space Inn 14,,,,[],,[],,,662,108,100,"['Japanese', 'Chinese', 'European']","14 Circular Road, Singapore 049370 Singapore",[],,Singapore,,
PREC Hostel,,,,[],,[],,,237,20,92,"['Seafood', 'Bar', 'Bar', 'Cafe']","23 Hamilton Road, Singapore 209193 Singapore",[],,Singapore,,
CherryLoft At Lorong 10,,,,[],,[],,,59,7,76,"['Chinese', 'Chinese', 'Cafe', 'Chinese']","9 Lorong 10 Geylang Cherryloft @Lorong 10, Singapore 399042 Singapore",[],,Singapore,,
Jade Hotel,,,,[],,[],,,58,6,72,"['Chinese', 'Chinese', 'Cafe', 'Asian']","18 Jalan Molek, Singapore 399535 Singapore",[],,Singapore,1.3117118,103.8827759
RedDoorz Plus near Lavender Street,4.0,8 reviews,#19 of 95 B&Bs / Inns in Singapore,"['Restaurant', 'Children Activities (Kid / Family Friendly)']",,[],,,188,24,89,"['Indian', 'Bar', 'Bar', 'Cafe']","407 Jln Besar, Singapore 209012 Singapore","['Location', 'Service', 'Value']",,Singapore,1.3137968,103.8597759
Reddoorz Hostel @ Jalan Besar,1.5,5 reviews,#58 of 95 B&Bs / Inns in Singapore,[],,[],,,270,29,100,"['Indian', 'Seafood', 'Japanese', 'Indian']","134 Jln Besar, Singapore 208852 Singapore",[],,Singapore,1.3066863,103.856401
Jude's Homestay,5.0,1 review,#193 of 374 Speciality lodging in Singapore,[],,[],,,99,5,61,"['Italian', 'European', 'Mediterranean', 'Italian']","89 Siglap Road, Singapore 454999 Singapore","['Cleanliness', 'Service']",,Singapore,,
Wanderloft,5.0,1 review,#265 of 369 hotels in Singapore,"['Children Activities (Kid / Family Friendly)', 'Laundry service']",,[],,,725,109,100,"['French', 'Contemporary', 'Chinese']","49a South Bridge Road, Singapore 058681 Singapore",[],,Singapore,,
Ace Residences @ East Coast,5.0,2 reviews,#161 of 374 Speciality lodging in Singapore,[],,[],,,121,8,85,"['Indian', 'Asian', 'Asian', 'French']","1 Seraya Lane The Amerald Studio, Singapore 437297 Singapore",['Value'],,Singapore,,
The Club Hotel,5.0,1 review,#182 of 374 Speciality lodging in Singapore,"['Bar / lounge', 'Children Activities (Kid / Family Friendly)']",,[],,,1080,132,100,"['Steakhouse', 'French', 'French', 'Japanese']","28 Ann Siang Road Ann Siang House, Singapore 069708 Singapore","['Location', 'Service']",,Singapore,,
MKS Backpackers Hostel,1.0,3 reviews,#266 of 374 Speciality lodging in Singapore,"['Parking', 'Free High Speed Internet (WiFi)', 'Wifi', 'Baggage storage', 'Non-smoking hotel', 'Shared bathroom', 'Laundry service', 'Air conditioning', 'Housekeeping']","English, Hindi, Malay, Tamil",['Budget'],,,319,50,100,"['Indian', 'Seafood', 'Asian', 'Cafe']","44 Cuff Road Mks Backpacker's Hostel, Singapore 209757 Singapore",[],,Singapore,,
MKS Backpackers Hostel - Dalhousie Lane,1.5,5 reviews,#279 of 374 Speciality lodging in Singapore,"['Parking', 'Free High Speed Internet (WiFi)', 'Wifi', 'Baggage storage', 'Non-smoking hotel', 'Shared bathroom', 'Laundry service', 'Air conditioning', 'Housekeeping']","English, Tamil",[],,,256,54,100,"['Asian', 'Italian', 'Cafe', 'Indian']","11 Dalhousie Lane , Little India, Singapore 209680 Singapore","['Cleanliness', 'Service']",,Singapore,1.3049832,103.8522617
K Suites River Valley Nearby Orchard,1.0,1 review,#248 of 374 Speciality lodging in Singapore,[],,[],,,11,2,61,"['Italian', 'Italian', 'Cafe']","29 Jervois Road Jj's Residences @ Jervois, Singapore 249007 Singapore",[],,Singapore,,
Zaman Centre,1.0,2 reviews,#54 of 95 B&Bs / Inns in Singapore,"['Free High Speed Internet (WiFi)', 'Baggage storage', 'Non-smoking hotel', 'Soundproof rooms', 'Air conditioning', 'Housekeeping', 'Clothes rack', 'Iron', 'Refrigerator', 'Bath / shower', 'Complimentary toiletries', 'Hair dryer', 'Family rooms']",English,[],,,311,24,98,"['Indian', 'Seafood', 'Indian', 'Indian']","3 Roberts Lane Zaman Centre, Singapore 218285 Singapore","['Cleanliness', 'Service', 'Value']",,Singapore,,
Family Home with Elegant Rooms,3.5,2 reviews,#202 of 374 Speciality lodging in Singapore,"['Free parking', 'Free High Speed Internet (WiFi)', 'BBQ facilities', 'Baggage storage', 'Non-smoking hotel', 'Outdoor furniture', 'Private check-in / check-out', 'Air conditioning', 'Housekeeping', 'Iron']","English, Malay",[],,,76,2,60,"['American', 'Cafe', 'Cafe', 'Singaporean']","17 Jalan Ismail, Singapore 419275 Singapore",[],,Singapore,,
Inn at SG,1.0,1 review,#239 of 374 Speciality lodging in Singapore,[],"Chinese, Malay",[],,,61,5,78,"['Chinese', 'Chinese', 'Italian', 'Chinese']","76A Lor 27 Geylang, Singapore 388194 Singapore",[],,Singapore,,
RedDoorz Hostel near Chinatown MRT,,,,[],,[],,,731,114,100,"['French', 'Japanese', 'Irish', 'French']","52 Temple Street, Singapore 058597 Singapore",[],,Singapore,1.2833091,103.8435952
The Blue Penguin Hostel,1.0,1 review,#235 of 374 Speciality lodging in Singapore,"['Paid public parking nearby', 'Free High Speed Internet (WiFi)', 'Free breakfast', 'Airport transportation', 'Baggage storage', 'Non-smoking hotel', '24-hour front desk', 'Express check-in / check-out', 'Street parking', 'Wifi', 'Sun terrace', 'Laundry service', 'Ironing service', 'Air conditioning', 'Kitchenette']","English, Chinese",[],,,255,24,94,"['Seafood', 'Bar', 'Bar', 'Cafe']","7A Hamilton Road Meadows Hostel, Singapore 209178 Singapore",[],,Singapore,,
Glamping Kaki - Medium Bell Tent,Have you been to ,Glamping Kaki - Medium Bell Tent,?,['Children Activities (Kid / Family Friendly)'],,[],,,,,,"['Chinese', 'Chinese', 'Asian', 'Indian']","1390 East Coast Parkway, Singapore 468961 Singapore",[],,Singapore,1.31182795,103.95266581173311
RedDoorz Hostel near Race Course Road,Have you been to ,RedDoorz Hostel near Race Course Road,?,"['Free High Speed Internet (WiFi)', 'Wifi', 'Breakfast available', 'Airport transportation', '24-hour security', 'Baggage storage', 'Air conditioning']",English,[],,,196,32,98,"['Indian', 'Indian', 'Indian', 'Arabic']","60 Race Course Road Little India, Singapore 218567 Singapore",[],,Singapore,,
Large Colonial Setting Master Bedroom,,,,[],,[],,,,,,"['French', 'Italian', 'Asian']","339 Dahan Road, Singapore 759692 Singapore",[],,Singapore,,
RedDoorz Premium At Balestier,3.5,3 reviews,#181 of 374 Speciality lodging in Singapore,"['Paid public parking nearby', 'Free High Speed Internet (WiFi)', 'Bar / lounge', 'Evening entertainment', 'Taxi service', 'Photo copier / fax In business centre', '24-hour security', 'Baggage storage', 'Wifi', 'Complimentary instant cofffee', 'Complimentary tea', 'Vending machine', 'Non-smoking hotel', 'First aid kit', '24-hour check-in', '24-hour front desk', 'Laundry service', 'Blackout curtains', 'Air conditioning', 'Desk', 'Housekeeping', 'Safe', 'Minibar', 'Cable / satellite TV', 'Bidet', 'Telephone', 'Wardrobe / wardrobe', 'Bottled water', 'Clothes rack', 'Iron', 'Private bathrooms', 'Electric kettle', 'Bath / shower', 'Complimentary toiletries', 'Hair dryer', 'City view', 'Non-smoking rooms']","English, Chinese, Malay, Tamil",[],,,66,7,81,"['Asian', 'Chinese', 'Chinese']","387 Balestier Road Reddoorz Premium @ Balestier, Singapore 329795 Singapore",[],,Singapore,,
578 Siglap Road Singapore,,,,[],,[],,,104,4,53,"['European', 'Mediterranean', 'Diner', 'Cafe']","578 Siglap Road Opera Estate, Singapore 455946 Singapore",[],,Singapore,,
Lucky Plaza,,,,[],,[],,,508,95,100,"['European', 'American', 'Cafe', 'French']","304 Orchard Road Lucky Plaza, Singapore 238863 Singapore",[],,Singapore,,
Heritage@25 by The Rucksack Group,,,,[],,[],,,118,13,92,"['Asian', 'Italian', 'French', 'Chinese']","25 Chapel Road, Singapore 429531 Singapore",[],,Singapore,,
Double One Hotel,Have you been to ,Double One Hotel,?,['Air conditioning'],,[],,,57,6,75,"['Chinese', 'Chinese', 'Chinese', 'Asian']","11 Lorong 11 Geylang, Singapore 388703 Singapore",[],,Singapore,1.3127881,103.8768033
Scriptures Hostel @ Serangoon,,,,[],,[],,,74,15,87,"['Indian', 'Bar', 'Cafe', 'Cafe']","622 Serangoon Road Le Sac a dos, Singapore 218222 Singapore",[],,Singapore,,
Ascendere,Have you been to ,Ascendere,?,"['Bar / lounge', 'Laundry service', 'Air conditioning', 'Room service', 'Minibar']",,[],,,57,6,77,"['Chinese', 'Chinese', 'Chinese', 'Chinese']","1 Lorong 10 Geylang, Singapore 399035 Singapore",[],,Singapore,1.3119231,103.8777392
Hup Hoe Hotel,Have you been to ,Hup Hoe Hotel,?,"['Restaurant', 'Air conditioning']",,[],,,54,7,75,"['Chinese', 'Chinese', 'Asian', 'Asian']","586A Geylang Road, Singapore 389525 Singapore",[],,Singapore,1.3139645,103.8875843
New Asia Star Hotel,2.0,3 reviews,#260 of 374 Speciality lodging in Singapore,"['Paid private parking nearby', 'Free internet', 'Children Activities (Kid / Family Friendly)', 'Airport transportation', '24-hour security', 'Non-smoking hotel', '24-hour check-in', '24-hour front desk', 'Secured parking', 'Wifi', 'Shared lounge / TV area', 'Laundry service', 'Air conditioning', 'Desk', 'Housekeeping', 'Private bathrooms', 'Refrigerator', 'Electric kettle', 'Bath / shower', 'Complimentary toiletries', 'Hair dryer', 'Non-smoking rooms']",English,[],,,372,41,100,"['Indian', 'Seafood', 'Indian', 'Indian']","44 Rowell Road, Singapore 207995 Singapore","['Cleanliness', 'Service']",,Singapore,1.3085031,103.8547255
Lex Hotel,3.0,1 review,#35 of 95 B&Bs / Inns in Singapore,"['Concierge', 'Air conditioning']",,[],,,57,6,74,"['Chinese', 'Chinese', 'Chinese', 'Chinese']","1 Lorong 8, Singapore 399073 Singapore",[],,Singapore,1.3118105,103.8771644
Kampong @ Arab,3.5,7 reviews,#175 of 374 Speciality lodging in Singapore,"['Bar / lounge', 'Laundry service']",,[],,,483,79,100,"['Italian', 'International', 'Japanese', 'Bar']","48 Arab Street Kampong @ Arab, Singapore 199745 Singapore","['Location', 'Cleanliness', 'Service', 'Value']",,Singapore,,
Sun Vista City Lodge,3.0,5 reviews,#31 of 95 B&Bs / Inns in Singapore,"['Free High Speed Internet (WiFi)', 'Wifi', 'Free breakfast']",,[],,,150,13,91,"['Indian', 'Steakhouse', 'Chinese', 'Asian']","99 Rangoon Road, Singapore 218384 Singapore","['Location', 'Cleanliness', 'Service', 'Value']",,Singapore,,
Fernloft East Coast,Have you been to ,Fernloft East Coast,?,[],,[],,,54,2,69,"['European', 'Mediterranean', 'Cafe', 'Italian']","East Coast Road 693A, Singapore 459058 Singapore",[],,Singapore,,
Braddell Regalia,,,,[],,[],,,112,6,41,"['Chinese', 'Cafe', 'Italian', 'Indian']","30 Braddell Road E Maison, Singapore 359946 Singapore",[],,Singapore,,
Lion City,Have you been to ,Lion City,?,[],,[],,,139,11,87,"['Italian', 'Asian', 'Asian']","15 Tanjong Katong Road Katong Regency, Singapore 436950 Singapore",[],,Singapore,,
Citadines Raffles Place Singapore,Have you been to ,Citadines Raffles Place Singapore,?,[],,[],,,,,,"['Japanese', 'Chinese', 'Steakhouse']","88 Market Street, Level 9, Singapore 048948 Singapore",[],,Singapore,,
Deluxe Hotel,Have you been to ,Deluxe Hotel,?,[],,[],,,56,5,77,"['Chinese', 'Chinese', 'Chinese', 'Chinese']","37 Lorong 8 Geylang, Singapore 399099 Singapore",[],,Singapore,1.3106743,103.8773973
Klapstar Boutique Hotel,Have you been to ,Klapstar Boutique Hotel,?,[],,[],,,258,15,98,"['French', 'Wine Bar', 'French', 'Mediterranean']","15 Hoe Chiang Road Tower Fifteen, Singapore 089316 Singapore",[],,Singapore,,
Zen Rooms Clarke Quay,,,,[],,[],,,651,106,100,"['French', 'Contemporary', 'Chinese']","42 Carpenter Street, Boat Quay, Singapore 059921 Singapore",[],,Singapore,,
ZEN Hostel Race Course Rd,,,,[],,[],,,141,16,86,"['Indian', 'Bar', 'Italian', 'Cafe']","424 Race Course Road, Singapore 218670 Singapore",[],,Singapore,,
ZEN Hostel Aljunied,,,,[],,[],,,72,8,78,"['Chinese', 'Chinese', 'Cafe', 'Chinese']","41 Lorong 16 Geylang Lodge 41, Singapore 398877 Singapore",[],,Singapore,,
RedDoorz Hostel At Lavender MRT,,,,[],,[],,,,,,[],,[],,Singapore,44.933143,7.540121
The Yardley,,,,[],,[],,,150,8,64,"['French', 'Chinese', 'Cafe', 'Italian']","571 Upper Serangoon Road The Yardley, Singapore 534798 Singapore",[],,Singapore,,
ZEN Rooms Balestier,,,,[],,[],,,,,,[],,[],,Singapore,44.933143,7.540121
ZEN Rooms Novena,,,,[],,[],,,142,6,75,"['Chinese', 'American', 'Cafe', 'Asian']","36 Newton Road Hotel Royal Hotel Royal, Singapore 307964 Singapore",[],,Singapore,,
ZEN Rooms Farrer Park,,,,[],,[],,,209,25,91,"['Indian', 'Bar', 'Chinese', 'Bar']","383 Jln Besar Kam Leng Hotel by Jl Asia, Singapore 209001 Singapore",[],,Singapore,,
Tanjong Pagar Residences,,,,[],,[],,,,,,[],,[],,Singapore,44.933143,7.540121
Dianya Shi Cheng Xiao Zhan,,,,[],,[],,,166,16,71,"['Italian', 'Italian', 'American', 'French']","Telok Kurau 71 Lor H, Singapore 426084 Singapore",[],,Singapore,,
South Buona Vista Loft Studio Suites Serviced Apartment (,,,,[],,[],,,,,,[],,[],,Singapore,44.933143,7.540121
ZEN Hostel Kallang,,,,[],,[],,,119,19,70,"['Chinese', 'Bar', 'Chinese']","Located In Ark Hostel 89 Geylang Road, Singapore 389203 Singapore",[],,Singapore,,
Magnum Luxury Hotel,Have you been to ,Magnum Luxury Hotel,?,"['Free parking', 'Free High Speed Internet (WiFi)', 'Pool', 'Fitness Centre with Gym / Workout Room', 'Free breakfast', 'Casino and Gambling', 'Children Activities (Kid / Family Friendly)', 'Pets Allowed ( Dog / Pet Friendly )', 'Electric vehicle charging station', 'Wifi', 'Sauna', 'Bar / lounge', 'Restaurant', 'Airport transportation', 'Shuttle bus service', 'Business Centre with Internet Access', 'Spa', 'Ski In / Ski Out', 'Room service', 'Kitchenette', 'Suites']",,[],,,454,47,100,"['French', 'German', 'Japanese', 'Wine Bar']","3 Temasek Boulevard #2-1 Suntec City Mall A 5-min walk from, the Fountain of Wealth, Singapore 038983 Singapore",[],,Singapore,,
Oh My Pods Singapore,Have you been to ,Oh My Pods Singapore,?,"['Free public parking nearby', 'Paid public parking on-site', 'Free High Speed Internet (WiFi)', 'Vending machine', 'Airport transportation', 'Convenience store', 'Shared bathroom', 'Laundry service', 'Street parking', 'Air conditioning', 'Microwave', 'Refrigerator', 'Electric kettle', 'Non-smoking rooms']",English,[],,,237,20,92,"['Seafood', 'Bar', 'Bar', 'Cafe']","23A Hamilton Road, Singapore 209193 Singapore",[],,Singapore,,
Eng Hoon Street Hotel Like Room,,,,[],,[],,,88,16,95,"['Cafe', 'Mediterranean', 'Chinese', 'French']","12 Eng Hoon Street #02-01, Singapore 169762 Singapore",[],,Singapore,,
the11room,4.5,4 reviews,#149 of 374 Speciality lodging in Singapore,[],,[],,,124,19,69,"['Chinese', 'Bar', 'Chinese', 'Indian']","6A Jalan Ayer, Singapore 389143 Singapore","['Service', 'Value']",,Singapore,,
Smeet Home,4.5,4 reviews,#183 of 374 Speciality lodging in Singapore,[],,[],,,80,7,89,"['Indian', 'Steakhouse', 'Chinese', 'Asian']","133 Rangoon Road, Singapore 218411 Singapore","['Location', 'Cleanliness', 'Service', 'Value']",,Singapore,,
One North Bridge,4.5,4 reviews,#167 of 374 Speciality lodging in Singapore,[],,[],,,473,122,100,"['French', 'Chinese', 'American', 'Steakhouse']","1 North Bridge Road High Street Centre, Singapore 179094 Singapore","['Location', 'Cleanliness', 'Service', 'Value']",,Singapore,,
Malacca Hotel,4.5,2 reviews,#262 of 369 hotels in Singapore,"['Free parking', 'Free High Speed Internet (WiFi)', 'Wifi', 'Baggage storage', 'Non-smoking hotel', 'Air conditioning', 'Room service', 'Non-smoking rooms', 'Family rooms']",,[],,,286,31,77,"['Asian', 'Italian', 'Asian']","97 Still Road Malacca Hotel, Singapore 423988 Singapore",[],,Singapore,,
Redwood West,4.5,3 reviews,#179 of 374 Speciality lodging in Singapore,[],,[],,,32,3,64,"['Bar', 'Asian', 'Asian', 'Asian']","231 Pasir Panjang Road Lotus At Pasir Panjang, Singapore 117629 Singapore","['Location', 'Service', 'Value']",,Singapore,,
Pan Pacific Orchard,4.5,2 reviews,#261 of 369 hotels in Singapore,[],,[],,,342,64,100,"['Chinese', 'French', 'Italian', 'European']","10 Claymore Road, Singapore 229540 Singapore",[],,Singapore,1.3073882,103.8298879
Somerset Liang Court Singapore,4.0,1 review,#195 of 374 Speciality lodging in Singapore,[],,[],,,,,,[],,[],,Singapore,44.933143,7.540121
Six Senses Maxwell,4.0,1 review,#269 of 369 hotels in Singapore,[],,[],,,989,116,100,"['French', 'Steakhouse', 'French', 'International']","20 Maxwell Road #03-01 Maxwell House, Singapore 069113 Singapore","['Cleanliness', 'Service']",,Singapore,,
ZEN Rooms People's Park Complex,,,,[],,[],,,651,105,100,"['French', 'Cafe', 'Bar', 'Asian']","48 Mosque Street Porcelain Hotel Located In Porcelain Hotel By Jl As, Singapore 059526 Singapore",[],,Singapore,,
K Hotel 12,1.0,2 reviews,#267 of 374 Speciality lodging in Singapore,[],,[],,,56,6,76,"['Chinese', 'Chinese', 'Chinese', 'Chinese']","12 Lor 10 Geylang, Singapore 399045 Singapore","['Location', 'Service', 'Value']",,Singapore,,
7 Wonders Hostel At Upper Dickson,4.5,4 reviews,#154 of 374 Speciality lodging in Singapore,[],,[],,,258,46,100,"['Asian', 'Italian', 'Cafe', 'Indian']","12A Upper Dickson Road, Singapore 207472 Singapore","['Cleanliness', 'Service']",,Singapore,1.3063518,103.8523506
Wink Capsule Hostel @ Downtown,5.0,5 reviews,#132 of 374 Speciality lodging in Singapore,"['Electric vehicle charging station', 'Street parking', 'Free High Speed Internet (WiFi)', 'Wifi', 'Free breakfast', 'Airport transportation', 'Shuttle bus service', 'Kitchenette']",,[],,,840,96,100,"['Steakhouse', 'French', 'French', 'Japanese']","2B McCallum Street, Singapore 069043 Singapore","['Service', 'Value']",,Singapore,,
New Orchid Hotel,2.0,7 reviews,#265 of 374 Speciality lodging in Singapore,"['Free parking', 'Internet', 'Restaurant', 'Shuttle bus service', 'Baggage storage', 'Newspaper', '24-hour check-in', '24-hour front desk', 'Parking', 'Taxi service', 'Non-smoking hotel', 'Express check-in / check-out', 'Private check-in / check-out', 'Dry cleaning', 'Laundry service', 'Air conditioning', 'Desk', 'Housekeeping', 'Safe', 'Telephone', 'Flatscreen TV', 'Bath / shower', 'Complimentary toiletries', 'Wake-up service / alarm clock', 'Hair dryer', 'Family rooms']","English, Chinese, Malay",['Budget'],,,66,2,82,"['Asian', 'Chinese', 'Asian', 'Chinese']","347 Balestier Road, Singapore 329777 Singapore","['Location', 'Cleanliness', 'Service', 'Value']",,Singapore,1.3242913,103.8510394
La Mode Sophia Hotel Singapore,3.0,3 reviews,#33 of 95 B&Bs / Inns in Singapore,"['Free public parking nearby', 'Free High Speed Internet (WiFi)', 'Snack bar', 'Non-smoking hotel', '24-hour front desk', 'Air conditioning', 'Housekeeping', 'Room service', 'Wake-up service / alarm clock']","English, Chinese, Indonesian, Malay",['Budget'],,,58,5,50,"['French', 'Italian', 'Cafe', 'Singaporean']","17 Lorong 10 Singapore, Singapore Singapore","['Location', 'Service']",,Singapore,1.3112646,103.8778029
Snooze Inn Dickson Road,3.0,7 reviews,#227 of 374 Speciality lodging in Singapore,"['Free High Speed Internet (WiFi)', 'Free breakfast', 'Restaurant', 'Baggage storage', 'Non-smoking hotel', 'Laundry service', 'Air conditioning', 'Family rooms']",,[],,,300,48,100,"['Indian', 'Asian', 'Cafe', 'Indian']","43 Dickson Road Phil Inn, Singapore 209518 Singapore","['Location', 'Service', 'Value']",,Singapore,,
Hotel NuVe Stellar,3.0,1 review,#281 of 369 hotels in Singapore,"['Free parking', 'Parking', 'Free High Speed Internet (WiFi)', 'Wifi', 'Complimentary instant cofffee', 'Complimentary tea', '24-hour check-in', '24-hour front desk', 'Blackout curtains', 'Soundproof rooms', 'Air conditioning', 'Desk', 'Housekeeping', 'Coffee / tea maker', 'Cable / satellite TV', 'Walk-in shower', 'Interconnected rooms available', 'Safe', 'Telephone', 'Wardrobe / wardrobe', 'Bottled water', 'Clothes rack', 'Iron', 'Private bathrooms', 'Wake-up service / alarm clock', 'Minibar', 'Refrigerator', 'Electric kettle', 'Flatscreen TV', 'Bath / shower', 'Complimentary toiletries', 'Hair dryer', 'Non-smoking rooms', 'Family rooms']","English, Chinese, Filipino, Malay",[],,,324,23,100,"['Indian', 'Seafood', 'Indian', 'Bar']","230 Jalan Besar Aqueen - Jalan Besar Hotel, Singapore 208906 Singapore",[],,Singapore,,
Hotel Calmo Chinatown,,,,[],,[],,,892,130,100,"['French', 'International', 'Japanese', 'Irish']","25 Trengganu Street Hotel 1887, Singapore 058476 Singapore",[],,Singapore,,
